EMSQL,dbo,AuditChangeEffective,AuditStringValueId,int
EMSQL,dbo,AuditChangeEffective,EffectiveDate,datetime
EMSQL,dbo,AuditChangeEffective,Id,int
EMSQL,dbo,AuditLogEntry,ActionId,int
EMSQL,dbo,AuditLogEntry,Id,int
EMSQL,dbo,AuditLogEntry,LogDateTime,datetime
EMSQL,dbo,AuditLogEntry,ObjectId,int
EMSQL,dbo,AuditLogEntry,TableName,varchar
EMSQL,dbo,AuditLogEntry,UserName,varchar
EMSQL,dbo,AuditStringValue,AuditFieldId,int
EMSQL,dbo,AuditStringValue,AuditLogEntryId,int
EMSQL,dbo,AuditStringValue,Id,int
EMSQL,dbo,AuditStringValue,NewValue,ntext
EMSQL,dbo,AuditStringValue,PreviousValue,ntext
EMSQL,dbo,Batch,ClientGroupId,int
EMSQL,dbo,Batch,CreatedBy,varchar
EMSQL,dbo,Batch,CreatedDate,datetime
EMSQL,dbo,Batch,DataMode,int
EMSQL,dbo,Batch,Description,varchar
EMSQL,dbo,Batch,FileNames,ntext
EMSQL,dbo,Batch,Id,int
EMSQL,dbo,Batch,Locked,bit
EMSQL,dbo,Batch,LockedBy,varchar
EMSQL,dbo,Batch,LockedDate,datetime
EMSQL,dbo,Batch,Name,varchar
EMSQL,dbo,Batch,Reference,varchar
EMSQL,dbo,Batch,Utility,varchar
EMSQL,dbo,BenchmarkData,Checksum,int
EMSQL,dbo,BenchmarkData,Electricity,real
EMSQL,dbo,BenchmarkData,Fossil,real
EMSQL,dbo,BenchmarkData,Gas,real
EMSQL,dbo,BenchmarkData,Good Electricity,real
EMSQL,dbo,BenchmarkData,Good Fossil,real
EMSQL,dbo,BenchmarkData,Good Gas,real
EMSQL,dbo,BenchmarkData,Good Oil,real
EMSQL,dbo,BenchmarkData,Good Solid Fuel,real
EMSQL,dbo,BenchmarkData,Good Water,real
EMSQL,dbo,BenchmarkData,Id,int
EMSQL,dbo,BenchmarkData,Name,nvarchar
EMSQL,dbo,BenchmarkData,Oil,real
EMSQL,dbo,BenchmarkData,Solid Fuel,real
EMSQL,dbo,BenchmarkData,Water,real
EMSQL,dbo,CalendarDayDefaults,CalendarId,int
EMSQL,dbo,CalendarDayDefaults,Checksum,int
EMSQL,dbo,CalendarDayDefaults,DayOfWeek,int
EMSQL,dbo,CalendarDayDefaults,DayTypeId,int
EMSQL,dbo,CalendarDayDefaults,Id,int
EMSQL,dbo,CalendarDayOverrides,CalendarId,int
EMSQL,dbo,CalendarDayOverrides,Checksum,int
EMSQL,dbo,CalendarDayOverrides,DayTypeId,int
EMSQL,dbo,CalendarDayOverrides,Id,int
EMSQL,dbo,CalendarDayOverrides,ItemDate,datetime
EMSQL,dbo,CalendarDayTypes,CalendarId,int
EMSQL,dbo,CalendarDayTypes,Checksum,int
EMSQL,dbo,CalendarDayTypes,DayColor,varchar
EMSQL,dbo,CalendarDayTypes,Id,int
EMSQL,dbo,CalendarDayTypes,Name,varchar
EMSQL,dbo,Calendars,BaseCalendarId,int
EMSQL,dbo,Calendars,Checksum,int
EMSQL,dbo,Calendars,Id,int
EMSQL,dbo,Calendars,Name,varchar
EMSQL,dbo,Calendars,SiteId,int
EMSQL,dbo,ChargeItem,ChargeTypeId,int
EMSQL,dbo,ChargeItem,Checksum,int
EMSQL,dbo,ChargeItem,Cost,float
EMSQL,dbo,ChargeItem,DataRecordId,int
EMSQL,dbo,ChargeItem,DataSetId,int
EMSQL,dbo,ChargeItem,Id,int
EMSQL,dbo,ChargeItem,Rate,float
EMSQL,dbo,ChargeItem,Units,float
EMSQL,dbo,ChargeTypes,Distribution,bit
EMSQL,dbo,ChargeTypes,Id,int
EMSQL,dbo,ChargeTypes,Name,nvarchar
EMSQL,dbo,ChargeTypes,Transmission,bit
EMSQL,dbo,ChargeTypes,Triad,bit
EMSQL,dbo,ChargeTypes,Utility_Name,nvarchar
EMSQL,dbo,ChargeTypes,Vatable,bit
EMSQL,dbo,ConfigurationSettings,Id,int
EMSQL,dbo,ConfigurationSettings,Value,nvarchar
EMSQL,dbo,Contacts,Address1,nvarchar
EMSQL,dbo,Contacts,Address2,nvarchar
EMSQL,dbo,Contacts,Checksum,int
EMSQL,dbo,Contacts,Code,nvarchar
EMSQL,dbo,Contacts,Country,nvarchar
EMSQL,dbo,Contacts,County,nvarchar
EMSQL,dbo,Contacts,EMailNumber,nvarchar
EMSQL,dbo,Contacts,Factor_Region_Id,int
EMSQL,dbo,Contacts,FAX,nvarchar
EMSQL,dbo,Contacts,Group_1,int
EMSQL,dbo,Contacts,Group_2,int
EMSQL,dbo,Contacts,Group_3,int
EMSQL,dbo,Contacts,Group_4,int
EMSQL,dbo,Contacts,Id,int
EMSQL,dbo,Contacts,Last_Update,datetime
EMSQL,dbo,Contacts,Last_User,nvarchar
EMSQL,dbo,Contacts,Latitude,float
EMSQL,dbo,Contacts,Link_1,nvarchar
EMSQL,dbo,Contacts,Link_2,nvarchar
EMSQL,dbo,Contacts,Link_3,nvarchar
EMSQL,dbo,Contacts,Link_4,nvarchar
EMSQL,dbo,Contacts,Link_5,nvarchar
EMSQL,dbo,Contacts,Longitude,float
EMSQL,dbo,Contacts,Name,nvarchar
EMSQL,dbo,Contacts,NI_Building_Category,int
EMSQL,dbo,Contacts,NI_Building_Type,int
EMSQL,dbo,Contacts,Notes,ntext
EMSQL,dbo,Contacts,Number_1,float
EMSQL,dbo,Contacts,Number_10,float
EMSQL,dbo,Contacts,Number_2,float
EMSQL,dbo,Contacts,Number_3,float
EMSQL,dbo,Contacts,Number_4,float
EMSQL,dbo,Contacts,Number_5,float
EMSQL,dbo,Contacts,Number_6,float
EMSQL,dbo,Contacts,Number_7,float
EMSQL,dbo,Contacts,Number_8,float
EMSQL,dbo,Contacts,Number_9,float
EMSQL,dbo,Contacts,PostCode,nvarchar
EMSQL,dbo,Contacts,Status,int
EMSQL,dbo,Contacts,Telephone,nvarchar
EMSQL,dbo,Contacts,Text_1,nvarchar
EMSQL,dbo,Contacts,Text_10,nvarchar
EMSQL,dbo,Contacts,Text_2,nvarchar
EMSQL,dbo,Contacts,Text_3,nvarchar
EMSQL,dbo,Contacts,Text_4,nvarchar
EMSQL,dbo,Contacts,Text_5,nvarchar
EMSQL,dbo,Contacts,Text_6,nvarchar
EMSQL,dbo,Contacts,Text_7,nvarchar
EMSQL,dbo,Contacts,Text_8,nvarchar
EMSQL,dbo,Contacts,Text_9,nvarchar
EMSQL,dbo,Contacts,Town,nvarchar
EMSQL,dbo,Contacts,Type,nvarchar
EMSQL,dbo,ContactsPeople,Address1,nvarchar
EMSQL,dbo,ContactsPeople,Address2,nvarchar
EMSQL,dbo,ContactsPeople,Checksum,int
EMSQL,dbo,ContactsPeople,Code,nvarchar
EMSQL,dbo,ContactsPeople,Contacts_Id,int
EMSQL,dbo,ContactsPeople,County,nvarchar
EMSQL,dbo,ContactsPeople,EMail_Report,bit
EMSQL,dbo,ContactsPeople,EMailNumber,nvarchar
EMSQL,dbo,ContactsPeople,Emergency,bit
EMSQL,dbo,ContactsPeople,FAX,nvarchar
EMSQL,dbo,ContactsPeople,First_Names,nvarchar
EMSQL,dbo,ContactsPeople,Group_1,int
EMSQL,dbo,ContactsPeople,Group_2,int
EMSQL,dbo,ContactsPeople,Home,nvarchar
EMSQL,dbo,ContactsPeople,Id,int
EMSQL,dbo,ContactsPeople,Initials,nvarchar
EMSQL,dbo,ContactsPeople,Last_Update,datetime
EMSQL,dbo,ContactsPeople,Last_User,nvarchar
EMSQL,dbo,ContactsPeople,Mobile,nvarchar
EMSQL,dbo,ContactsPeople,Notes,ntext
EMSQL,dbo,ContactsPeople,Number_1,float
EMSQL,dbo,ContactsPeople,Number_2,float
EMSQL,dbo,ContactsPeople,Position,nvarchar
EMSQL,dbo,ContactsPeople,PostCode,nvarchar
EMSQL,dbo,ContactsPeople,Salutation,nvarchar
EMSQL,dbo,ContactsPeople,Surname,nvarchar
EMSQL,dbo,ContactsPeople,Telephone,nvarchar
EMSQL,dbo,ContactsPeople,Text_1,nvarchar
EMSQL,dbo,ContactsPeople,Text_2,nvarchar
EMSQL,dbo,ContactsPeople,Text_3,nvarchar
EMSQL,dbo,ContactsPeople,Text_4,nvarchar
EMSQL,dbo,ContactsPeople,Text_5,nvarchar
EMSQL,dbo,ContactsPeople,Title,nvarchar
EMSQL,dbo,ContactsPeople,Town,nvarchar
EMSQL,dbo,ContactsPeopleLinks,Checksum,int
EMSQL,dbo,ContactsPeopleLinks,Contacts_Id,int
EMSQL,dbo,ContactsPeopleLinks,ContactsPeople_Id,int
EMSQL,dbo,ContactsPeopleLinks,Email_Alarms,bit
EMSQL,dbo,ContactsPeopleLinks,Email_Report,bit
EMSQL,dbo,ContactsPeopleLinks,Id,int
EMSQL,dbo,ContactsVariables,Checksum,int
EMSQL,dbo,ContactsVariables,Contacts_Id,int
EMSQL,dbo,ContactsVariables,Date,datetime
EMSQL,dbo,ContactsVariables,Id,int
EMSQL,dbo,ContactsVariables,Value,float
EMSQL,dbo,ContactsVariables,Variable,smallint
EMSQL,dbo,Contracts,Bank_Holidays,int
EMSQL,dbo,Contracts,Batch,int
EMSQL,dbo,Contracts,Billing_Point,int
EMSQL,dbo,Contracts,Checksum,int
EMSQL,dbo,Contracts,Climate_Change_Levy,real
EMSQL,dbo,Contracts,Clock,bit
EMSQL,dbo,Contracts,Custom_Date_1,datetime
EMSQL,dbo,Contracts,Custom_Date_2,datetime
EMSQL,dbo,Contracts,Custom_Date_3,datetime
EMSQL,dbo,Contracts,Custom_Flag_1,bit
EMSQL,dbo,Contracts,Custom_Number_1,float
EMSQL,dbo,Contracts,Custom_Number_2,float
EMSQL,dbo,Contracts,Custom_Number_3,float
EMSQL,dbo,Contracts,Custom_Text_1,varchar
EMSQL,dbo,Contracts,Custom_Text_2,varchar
EMSQL,dbo,Contracts,Custom_Text_3,varchar
EMSQL,dbo,Contracts,Custom_Text_4,varchar
EMSQL,dbo,Contracts,Custom_Text_5,varchar
EMSQL,dbo,Contracts,Date_End,datetime
EMSQL,dbo,Contracts,Date_Start,datetime
EMSQL,dbo,Contracts,Fossil_Fuel_Levy,real
EMSQL,dbo,Contracts,Group_Id,int
EMSQL,dbo,Contracts,Id,int
EMSQL,dbo,Contracts,kVA,real
EMSQL,dbo,Contracts,kVArh_Default,real
EMSQL,dbo,Contracts,kWh_Split1,real
EMSQL,dbo,Contracts,kWh_Split1_Cost_Rate,real
EMSQL,dbo,Contracts,kWh_Split2,real
EMSQL,dbo,Contracts,kWh_Split2_Cost_Rate,real
EMSQL,dbo,Contracts,kWh_Split3,real
EMSQL,dbo,Contracts,kWh_Split3_Cost_Rate,real
EMSQL,dbo,Contracts,kWh_Split4,real
EMSQL,dbo,Contracts,kWh_Split4_Cost_Rate,real
EMSQL,dbo,Contracts,kWh_Split5,real
EMSQL,dbo,Contracts,kWh_Split5_Cost_Rate,real
EMSQL,dbo,Contracts,kWh_Split6,real
EMSQL,dbo,Contracts,kWh_Split6_Cost_Rate,real
EMSQL,dbo,Contracts,Loss_Adjustment,bit
EMSQL,dbo,Contracts,Maximum_Input_Capacity,real
EMSQL,dbo,Contracts,Point_Id,int
EMSQL,dbo,Contracts,Rate_FIT,float
EMSQL,dbo,Contracts,Rate_Fixed,real
EMSQL,dbo,Contracts,Rate_Fixed_p/day,bit
EMSQL,dbo,Contracts,Rate_Green,real
EMSQL,dbo,Contracts,Rate_Green_Percent,real
EMSQL,dbo,Contracts,Rate_kVA,real
EMSQL,dbo,Contracts,Rate_kVA_2,real
EMSQL,dbo,Contracts,Rate_kVA_p/day,bit
EMSQL,dbo,Contracts,Rate_kVA_Split,real
EMSQL,dbo,Contracts,Rate_MD,real
EMSQL,dbo,Contracts,Rate_MD_2,real
EMSQL,dbo,Contracts,Rate_MD_Split,real
EMSQL,dbo,Contracts,Rate_Metering,real
EMSQL,dbo,Contracts,Rate_Metering_p/day,bit
EMSQL,dbo,Contracts,Rate_ROC,float
EMSQL,dbo,Contracts,Rate_Settlements,real
EMSQL,dbo,Contracts,Rate_Settlements_p/day,bit
EMSQL,dbo,Contracts,Rate_Transportation,real
EMSQL,dbo,Contracts,Rate_Transportation_p/kWh,bit
EMSQL,dbo,Contracts,Rate_TRIAD,real
EMSQL,dbo,Contracts,Rate_Units,real
EMSQL,dbo,Contracts,Rate_Units_1_Split,real
EMSQL,dbo,Contracts,Reactive_Power_1_Rate,real
EMSQL,dbo,Contracts,Reactive_Power_1_Split,real
EMSQL,dbo,Contracts,Reactive_Power_2_Rate,real
EMSQL,dbo,Contracts,Reactive_Power_2_Split,real
EMSQL,dbo,Contracts,Reference_Number,nvarchar
EMSQL,dbo,Contracts,Supplier,nvarchar
EMSQL,dbo,Contracts,TUOS,bit
EMSQL,dbo,Contracts,Type,nvarchar
EMSQL,dbo,Contracts,Use_Distributor_Capacity,bit
EMSQL,dbo,Contracts,Use_Distributor_Reactive_Power,bit
EMSQL,dbo,Contracts,Use_of_System,bit
EMSQL,dbo,Contracts,VAT_1_Rate,real
EMSQL,dbo,Contracts,VAT_2_Rate,real
EMSQL,dbo,Contracts,VAT_Split,real
EMSQL,dbo,ContractsCharge,ChargeTypeId,int
EMSQL,dbo,ContractsCharge,Checksum,int
EMSQL,dbo,ContractsCharge,ContractsId,int
EMSQL,dbo,ContractsCharge,Id,int
EMSQL,dbo,ContractsCharge,Rate,float
EMSQL,dbo,ContractsCharge,Tolerance,float
EMSQL,dbo,ContractsCharge,ToleranceRate,float
EMSQL,dbo,ContractsCharge,ToleranceUnits,float
EMSQL,dbo,ContractsCharge,ValidationType,int
EMSQL,dbo,ContractsData,April,bit
EMSQL,dbo,ContractsData,August,bit
EMSQL,dbo,ContractsData,Checksum,int
EMSQL,dbo,ContractsData,Contract_Id,int
EMSQL,dbo,ContractsData,Cost_Rate,real
EMSQL,dbo,ContractsData,December,bit
EMSQL,dbo,ContractsData,Description,nvarchar
EMSQL,dbo,ContractsData,February,bit
EMSQL,dbo,ContractsData,Friday,bit
EMSQL,dbo,ContractsData,Id,int
EMSQL,dbo,ContractsData,January,bit
EMSQL,dbo,ContractsData,July,bit
EMSQL,dbo,ContractsData,June,bit
EMSQL,dbo,ContractsData,March,bit
EMSQL,dbo,ContractsData,May,bit
EMSQL,dbo,ContractsData,Meter,nvarchar
EMSQL,dbo,ContractsData,Monday,bit
EMSQL,dbo,ContractsData,November,bit
EMSQL,dbo,ContractsData,October,bit
EMSQL,dbo,ContractsData,Saturday,bit
EMSQL,dbo,ContractsData,September,bit
EMSQL,dbo,ContractsData,Sunday,bit
EMSQL,dbo,ContractsData,Thursday,bit
EMSQL,dbo,ContractsData,Time_Finish,nvarchar
EMSQL,dbo,ContractsData,Time_Start,nvarchar
EMSQL,dbo,ContractsData,Tuesday,bit
EMSQL,dbo,ContractsData,Type,smallint
EMSQL,dbo,ContractsData,Valid_From,datetime
EMSQL,dbo,ContractsData,Wednesday,bit
EMSQL,dbo,ContractsWater,Batch,int
EMSQL,dbo,ContractsWater,Checksum,int
EMSQL,dbo,ContractsWater,Date_End,datetime
EMSQL,dbo,ContractsWater,Date_Start,datetime
EMSQL,dbo,ContractsWater,Discount,float
EMSQL,dbo,ContractsWater,Highway_Drainage,real
EMSQL,dbo,ContractsWater,Id,int
EMSQL,dbo,ContractsWater,Point_Id,int
EMSQL,dbo,ContractsWater,RV_Property_Cost,real
EMSQL,dbo,ContractsWater,RV_Roads_Cost,real
EMSQL,dbo,ContractsWater,Sewerage_Cost_Rate,real
EMSQL,dbo,ContractsWater,Sewerage_Fixed_Cost,real
EMSQL,dbo,ContractsWater,Sewerage_Meter_Cost,real
EMSQL,dbo,ContractsWater,Sewerage_Retailer,varchar
EMSQL,dbo,ContractsWater,Sewerage_Tariff_Name,varchar
EMSQL,dbo,ContractsWater,Supplier,varchar
EMSQL,dbo,ContractsWater,Surface_Water_Cost,real
EMSQL,dbo,ContractsWater,Tariff_Cost,real
EMSQL,dbo,ContractsWater,Tariff_Desc,varchar
EMSQL,dbo,ContractsWater,Trade_Effluent_Cost_Rate,real
EMSQL,dbo,ContractsWater,Water_Cost_Rate,real
EMSQL,dbo,ContractsWater,Water_Fixed_Cost,real
EMSQL,dbo,ContractsWater,Water_Meter_Cost,real
EMSQL,dbo,ContractsWater,Water_Retailer,varchar
EMSQL,dbo,ContractsWater,Water_Tariff_Name,varchar
EMSQL,dbo,ContractsWater,Wholesale_Uplift_Percent,float
EMSQL,dbo,ContractsWaterCharge,ChargeTypeId,int
EMSQL,dbo,ContractsWaterCharge,Checksum,int
EMSQL,dbo,ContractsWaterCharge,ContractsId,int
EMSQL,dbo,ContractsWaterCharge,Id,int
EMSQL,dbo,ContractsWaterCharge,Rate,float
EMSQL,dbo,ContractsWaterCharge,Tolerance,float
EMSQL,dbo,ContractsWaterCharge,ToleranceRate,float
EMSQL,dbo,ContractsWaterCharge,ToleranceUnits,float
EMSQL,dbo,ContractsWaterCharge,ValidationType,int
EMSQL,dbo,CRCAnnualReport,CRCPortfolioId,int
EMSQL,dbo,CRCAnnualReport,Id,int
EMSQL,dbo,CRCAnnualReport,Locked,bit
EMSQL,dbo,CRCAnnualReport,Year,int
EMSQL,dbo,CRCAnnualReportLine,CarbonFactor,float
EMSQL,dbo,CRCAnnualReportLine,Checked,bit
EMSQL,dbo,CRCAnnualReportLine,Consumption,float
EMSQL,dbo,CRCAnnualReportLine,CoveredByCCA,bit
EMSQL,dbo,CRCAnnualReportLine,CRCAnnualReportId,int
EMSQL,dbo,CRCAnnualReportLine,DataSetId,int
EMSQL,dbo,CRCAnnualReportLine,DataSource,int
EMSQL,dbo,CRCAnnualReportLine,EstimationMethod,int
EMSQL,dbo,CRCAnnualReportLine,ExclusionNotes,ntext
EMSQL,dbo,CRCAnnualReportLine,ExclusionReasonId,int
EMSQL,dbo,CRCAnnualReportLine,Id,int
EMSQL,dbo,CRCAnnualReportLine,IncludedInCRC,bit
EMSQL,dbo,CRCAnnualReportLine,IncludedInEUETS,bit
EMSQL,dbo,CRCAnnualReportLine,IncludeResidual,bit
EMSQL,dbo,CRCAnnualReportLine,IsEstimated,bit
EMSQL,dbo,CRCAnnualReportLine,MeterTypeId,int
EMSQL,dbo,CRCAnnualReportLine,MPAN,varchar
EMSQL,dbo,CRCAnnualReportLine,Notes,ntext
EMSQL,dbo,CRCAnnualReportLine,PercentageCovered,float
EMSQL,dbo,CRCAnnualReportLine,ReferenceNumber,varchar
EMSQL,dbo,CRCAnnualReportLine,Reportable,bit
EMSQL,dbo,CRCAnnualReportLine,SiteName,nvarchar
EMSQL,dbo,CRCAnnualReportLine,SupplyType,int
EMSQL,dbo,CRCAnnualReportLine,TonnesCO2,float
EMSQL,dbo,CRCAnnualReportLine,Utility,varchar
EMSQL,dbo,CRCContact,Address,varchar
EMSQL,dbo,CRCContact,BusinessName,varchar
EMSQL,dbo,CRCContact,Country,varchar
EMSQL,dbo,CRCContact,CRCPortfolioId,int
EMSQL,dbo,CRCContact,Email,varchar
EMSQL,dbo,CRCContact,Id,int
EMSQL,dbo,CRCContact,JobTitle,varchar
EMSQL,dbo,CRCContact,Name,varchar
EMSQL,dbo,CRCContact,Telephone,varchar
EMSQL,dbo,CRCContact,Type,int
EMSQL,dbo,CRCContactOrganisation,Address,varchar
EMSQL,dbo,CRCContactOrganisation,BusinessActivityType,varchar
EMSQL,dbo,CRCContactOrganisation,Country,varchar
EMSQL,dbo,CRCContactOrganisation,CRCPortfolioId,int
EMSQL,dbo,CRCContactOrganisation,Id,int
EMSQL,dbo,CRCContactOrganisation,Name,varchar
EMSQL,dbo,CRCContactOrganisation,OrganisationType,varchar
EMSQL,dbo,CRCContactOrganisation,RegisteredAddress,varchar
EMSQL,dbo,CRCContactOrganisation,RegisteredNameNumber,varchar
EMSQL,dbo,CRCContactOrganisation,Type,int
EMSQL,dbo,CRCDataSetInfo,AMRInstallationDate,datetime
EMSQL,dbo,CRCDataSetInfo,Checksum,int
EMSQL,dbo,CRCDataSetInfo,CoveredByCCA,bit
EMSQL,dbo,CRCDataSetInfo,DataSetId,int
EMSQL,dbo,CRCDataSetInfo,ExclusionNotes,ntext
EMSQL,dbo,CRCDataSetInfo,ExclusionReasonId,int
EMSQL,dbo,CRCDataSetInfo,Id,int
EMSQL,dbo,CRCDataSetInfo,IncludedInCRC,bit
EMSQL,dbo,CRCDataSetInfo,IncludedInEUETS,bit
EMSQL,dbo,CRCDataSetInfo,MeterTypeId,int
EMSQL,dbo,CRCDataSetInfo,PercentageCoveredByCCA,float
EMSQL,dbo,CRCDataSetInfo,PortfolioId,int
EMSQL,dbo,CRCDataSetInfo,PreferredDataMode,int
EMSQL,dbo,CRCDataSetInfo,ResidualIncludedInFootprint,bit
EMSQL,dbo,CRCDataSetInfo,SupplyType,int
EMSQL,dbo,CRCDataSetInfo,VoluntaryAMR,bit
EMSQL,dbo,CRCPortfolio,DocumentFolderPath,varchar
EMSQL,dbo,CRCPortfolio,Id,int
EMSQL,dbo,CRCPortfolio,Name,varchar
EMSQL,dbo,CRCPortfolio,OrganisationDetailsPath,varchar
EMSQL,dbo,CustomFieldNames,FieldName,nvarchar
EMSQL,dbo,CustomFieldNames,NewFieldName,nvarchar
EMSQL,dbo,CustomFieldNames,TableName,nvarchar
EMSQL,dbo,DataElectricity,Batch,int
EMSQL,dbo,DataElectricity,Checksum,int
EMSQL,dbo,DataElectricity,Climate_Change_Levy,real
EMSQL,dbo,DataElectricity,Climate_Change_Levy_Rate,real
EMSQL,dbo,DataElectricity,Cost,float
EMSQL,dbo,DataElectricity,Custom_1,real
EMSQL,dbo,DataElectricity,Custom_Text_1,varchar
EMSQL,dbo,DataElectricity,Date,datetime
EMSQL,dbo,DataElectricity,Date_Paid,datetime
EMSQL,dbo,DataElectricity,Date_Previous,datetime
EMSQL,dbo,DataElectricity,Date_TaxPoint,datetime
EMSQL,dbo,DataElectricity,DeMinimis,bit
EMSQL,dbo,DataElectricity,DeMinimisThreshold,real
EMSQL,dbo,DataElectricity,Direct,nvarchar
EMSQL,dbo,DataElectricity,DisableCalculation,bit
EMSQL,dbo,DataElectricity,DUOS,real
EMSQL,dbo,DataElectricity,DUOS_Amber_Cost,real
EMSQL,dbo,DataElectricity,DUOS_Amber_Cost_Rate,real
EMSQL,dbo,DataElectricity,DUOS_Amber_Units,real
EMSQL,dbo,DataElectricity,DUOS_Green_Cost,real
EMSQL,dbo,DataElectricity,DUOS_Green_Cost_Rate,real
EMSQL,dbo,DataElectricity,DUOS_Green_Units,real
EMSQL,dbo,DataElectricity,DUOS_Red_Cost,real
EMSQL,dbo,DataElectricity,DUOS_Red_Cost_Rate,real
EMSQL,dbo,DataElectricity,DUOS_Red_Units,real
EMSQL,dbo,DataElectricity,EDI,ntext
EMSQL,dbo,DataElectricity,EDITariffCode,nvarchar
EMSQL,dbo,DataElectricity,Estimate,nvarchar
EMSQL,dbo,DataElectricity,Exclude_From_Reports,bit
EMSQL,dbo,DataElectricity,Feed_In_Cost,real
EMSQL,dbo,DataElectricity,Feed_In_Cost_Rate,real
EMSQL,dbo,DataElectricity,Flexible_Purchasing,real
EMSQL,dbo,DataElectricity,Fuel_Adjustment_Cost,real
EMSQL,dbo,DataElectricity,Fuel_Adjustment_Percent,real
EMSQL,dbo,DataElectricity,Green_Charge,real
EMSQL,dbo,DataElectricity,Green_Charge_Rate,real
EMSQL,dbo,DataElectricity,Green_Percent,real
EMSQL,dbo,DataElectricity,Id,int
EMSQL,dbo,DataElectricity,Invoice_Number,varchar
EMSQL,dbo,DataElectricity,Invoice_Received,datetime
EMSQL,dbo,DataElectricity,kV,real
EMSQL,dbo,DataElectricity,kV_Cost,real
EMSQL,dbo,DataElectricity,kV_Cost_Rate,real
EMSQL,dbo,DataElectricity,kV_Factor,real
EMSQL,dbo,DataElectricity,kV_Split1,real
EMSQL,dbo,DataElectricity,kV_Split1_Cost,real
EMSQL,dbo,DataElectricity,kV_Split1_Cost_Rate,real
EMSQL,dbo,DataElectricity,kVA,real
EMSQL,dbo,DataElectricity,kVA_Cost,real
EMSQL,dbo,DataElectricity,kVA_Cost_Rate,real
EMSQL,dbo,DataElectricity,kVA_Factor,real
EMSQL,dbo,DataElectricity,kVA_Split1,real
EMSQL,dbo,DataElectricity,kVA_Split1_Cost,real
EMSQL,dbo,DataElectricity,kVA_Split1_Cost_Rate,real
EMSQL,dbo,DataElectricity,Last_Update,datetime
EMSQL,dbo,DataElectricity,Last_User,nvarchar
EMSQL,dbo,DataElectricity,Link_1,nvarchar
EMSQL,dbo,DataElectricity,Locked,bit
EMSQL,dbo,DataElectricity,M1_Cost,real
EMSQL,dbo,DataElectricity,M1_Cost_Rate,real
EMSQL,dbo,DataElectricity,M1_Factor,real
EMSQL,dbo,DataElectricity,M1_Number,smallint
EMSQL,dbo,DataElectricity,M1_Present,int
EMSQL,dbo,DataElectricity,M1_Previous,int
EMSQL,dbo,DataElectricity,M1_Read_Code,varchar
EMSQL,dbo,DataElectricity,M1_Read_Date,datetime
EMSQL,dbo,DataElectricity,M1_Split1,real
EMSQL,dbo,DataElectricity,M1_Split1_Cost,real
EMSQL,dbo,DataElectricity,M1_Split1_Cost_Rate,real
EMSQL,dbo,DataElectricity,M1_Split2,real
EMSQL,dbo,DataElectricity,M1_Split2_Cost,real
EMSQL,dbo,DataElectricity,M1_Split2_Cost_Rate,real
EMSQL,dbo,DataElectricity,M1_Split3,real
EMSQL,dbo,DataElectricity,M1_Split3_Cost,real
EMSQL,dbo,DataElectricity,M1_Split3_Cost_Rate,real
EMSQL,dbo,DataElectricity,M1_Split4,real
EMSQL,dbo,DataElectricity,M1_Split4_Cost,real
EMSQL,dbo,DataElectricity,M1_Split4_Cost_Rate,real
EMSQL,dbo,DataElectricity,M1_Split5,real
EMSQL,dbo,DataElectricity,M1_Split5_Cost,real
EMSQL,dbo,DataElectricity,M1_Split5_Cost_Rate,real
EMSQL,dbo,DataElectricity,M1_Split6,real
EMSQL,dbo,DataElectricity,M1_Split6_Cost,real
EMSQL,dbo,DataElectricity,M1_Split6_Cost_Rate,real
EMSQL,dbo,DataElectricity,M1_Units,float
EMSQL,dbo,DataElectricity,M2_Cost,real
EMSQL,dbo,DataElectricity,M2_Cost_Rate,real
EMSQL,dbo,DataElectricity,M2_Factor,real
EMSQL,dbo,DataElectricity,M2_Number,smallint
EMSQL,dbo,DataElectricity,M2_Present,int
EMSQL,dbo,DataElectricity,M2_Previous,int
EMSQL,dbo,DataElectricity,M2_Read_Code,varchar
EMSQL,dbo,DataElectricity,M2_Read_Date,datetime
EMSQL,dbo,DataElectricity,M2_Units,float
EMSQL,dbo,DataElectricity,M3_Cost,real
EMSQL,dbo,DataElectricity,M3_Cost_Rate,real
EMSQL,dbo,DataElectricity,M3_Factor,real
EMSQL,dbo,DataElectricity,M3_Number,smallint
EMSQL,dbo,DataElectricity,M3_Present,int
EMSQL,dbo,DataElectricity,M3_Previous,int
EMSQL,dbo,DataElectricity,M3_Read_Code,varchar
EMSQL,dbo,DataElectricity,M3_Read_Date,datetime
EMSQL,dbo,DataElectricity,M3_Units,float
EMSQL,dbo,DataElectricity,M4_Cost,real
EMSQL,dbo,DataElectricity,M4_Cost_Rate,real
EMSQL,dbo,DataElectricity,M4_Factor,real
EMSQL,dbo,DataElectricity,M4_Number,smallint
EMSQL,dbo,DataElectricity,M4_Present,int
EMSQL,dbo,DataElectricity,M4_Previous,int
EMSQL,dbo,DataElectricity,M4_Read_Code,varchar
EMSQL,dbo,DataElectricity,M4_Read_Date,datetime
EMSQL,dbo,DataElectricity,M4_Units,float
EMSQL,dbo,DataElectricity,M5_Cost,real
EMSQL,dbo,DataElectricity,M5_Cost_Rate,real
EMSQL,dbo,DataElectricity,M5_Factor,real
EMSQL,dbo,DataElectricity,M5_Number,smallint
EMSQL,dbo,DataElectricity,M5_Present,int
EMSQL,dbo,DataElectricity,M5_Previous,int
EMSQL,dbo,DataElectricity,M5_Read_Code,varchar
EMSQL,dbo,DataElectricity,M5_Read_Date,datetime
EMSQL,dbo,DataElectricity,M5_Units,float
EMSQL,dbo,DataElectricity,M6_Cost,real
EMSQL,dbo,DataElectricity,M6_Cost_Rate,real
EMSQL,dbo,DataElectricity,M6_Factor,real
EMSQL,dbo,DataElectricity,M6_Number,smallint
EMSQL,dbo,DataElectricity,M6_Present,int
EMSQL,dbo,DataElectricity,M6_Previous,int
EMSQL,dbo,DataElectricity,M6_Read_Code,varchar
EMSQL,dbo,DataElectricity,M6_Read_Date,datetime
EMSQL,dbo,DataElectricity,M6_Units,float
EMSQL,dbo,DataElectricity,M7_Cost,real
EMSQL,dbo,DataElectricity,M7_Cost_Rate,real
EMSQL,dbo,DataElectricity,M7_Factor,real
EMSQL,dbo,DataElectricity,M7_Number,smallint
EMSQL,dbo,DataElectricity,M7_Present,int
EMSQL,dbo,DataElectricity,M7_Previous,int
EMSQL,dbo,DataElectricity,M7_Read_Code,varchar
EMSQL,dbo,DataElectricity,M7_Read_Date,datetime
EMSQL,dbo,DataElectricity,M7_Units,float
EMSQL,dbo,DataElectricity,M8_Cost,real
EMSQL,dbo,DataElectricity,M8_Cost_Rate,real
EMSQL,dbo,DataElectricity,M8_Factor,real
EMSQL,dbo,DataElectricity,M8_Number,smallint
EMSQL,dbo,DataElectricity,M8_Present,int
EMSQL,dbo,DataElectricity,M8_Previous,int
EMSQL,dbo,DataElectricity,M8_Read_Code,varchar
EMSQL,dbo,DataElectricity,M8_Read_Date,datetime
EMSQL,dbo,DataElectricity,M8_Units,float
EMSQL,dbo,DataElectricity,Misc_Cost,real
EMSQL,dbo,DataElectricity,Non_Vatable_Charges,real
EMSQL,dbo,DataElectricity,Note,nvarchar
EMSQL,dbo,DataElectricity,Number,nvarchar
EMSQL,dbo,DataElectricity,Other_Charge,real
EMSQL,dbo,DataElectricity,Passed_To_Accounts,bit
EMSQL,dbo,DataElectricity,Point_Id,int
EMSQL,dbo,DataElectricity,Power_Factor,real
EMSQL,dbo,DataElectricity,Reactive_Power,real
EMSQL,dbo,DataElectricity,Reactive_Power_2_Cost,real
EMSQL,dbo,DataElectricity,Reactive_Power_2_Cost_Rate,real
EMSQL,dbo,DataElectricity,Reactive_Power_2_Factor,float
EMSQL,dbo,DataElectricity,Reactive_Power_Cost,real
EMSQL,dbo,DataElectricity,Reactive_Power_Cost_Rate,real
EMSQL,dbo,DataElectricity,Reactive_Power_Factor,float
EMSQL,dbo,DataElectricity,Record_Source,int
EMSQL,dbo,DataElectricity,ROC,real
EMSQL,dbo,DataElectricity,ROC_Rate,real
EMSQL,dbo,DataElectricity,Savings_Actual,real
EMSQL,dbo,DataElectricity,Savings_Estimated,real
EMSQL,dbo,DataElectricity,Screen_Format,int
EMSQL,dbo,DataElectricity,Settlements,real
EMSQL,dbo,DataElectricity,Settlements_Rate,real
EMSQL,dbo,DataElectricity,Standing_Charge,real
EMSQL,dbo,DataElectricity,Standing_Charge_Rate,real
EMSQL,dbo,DataElectricity,Status,smallint
EMSQL,dbo,DataElectricity,Supplier,int
EMSQL,dbo,DataElectricity,SupplierName,nvarchar
EMSQL,dbo,DataElectricity,Tariff,int
EMSQL,dbo,DataElectricity,TRIAD,real
EMSQL,dbo,DataElectricity,TUOS,real
EMSQL,dbo,DataElectricity,Units,float
EMSQL,dbo,DataElectricity,VAT,float
EMSQL,dbo,DataElectricity,VAT_1,real
EMSQL,dbo,DataElectricity,VAT_1_Percent,real
EMSQL,dbo,DataElectricity,VAT_2,real
EMSQL,dbo,DataElectricity,VAT_2_Percent,real
EMSQL,dbo,DataElectricity,VAT_Split,real
EMSQL,dbo,DataGeneral,Batch,int
EMSQL,dbo,DataGeneral,Checksum,int
EMSQL,dbo,DataGeneral,Climate_Change_Levy,real
EMSQL,dbo,DataGeneral,Climate_Change_Levy_Rate,real
EMSQL,dbo,DataGeneral,Cost,float
EMSQL,dbo,DataGeneral,Custom_1,real
EMSQL,dbo,DataGeneral,Custom_Text_1,varchar
EMSQL,dbo,DataGeneral,Date,datetime
EMSQL,dbo,DataGeneral,Date_Paid,datetime
EMSQL,dbo,DataGeneral,Date_Previous,datetime
EMSQL,dbo,DataGeneral,Date_TaxPoint,datetime
EMSQL,dbo,DataGeneral,DeMinimis,bit
EMSQL,dbo,DataGeneral,DeMinimisThreshold,real
EMSQL,dbo,DataGeneral,Direct,nvarchar
EMSQL,dbo,DataGeneral,DisableCalculation,bit
EMSQL,dbo,DataGeneral,EDI,ntext
EMSQL,dbo,DataGeneral,Estimate,nvarchar
EMSQL,dbo,DataGeneral,Exclude_From_Reports,bit
EMSQL,dbo,DataGeneral,Flexible_Purchasing,real
EMSQL,dbo,DataGeneral,Id,int
EMSQL,dbo,DataGeneral,Invoice_Number,varchar
EMSQL,dbo,DataGeneral,Invoice_Received,datetime
EMSQL,dbo,DataGeneral,kWh_Factor,real
EMSQL,dbo,DataGeneral,Last_Update,datetime
EMSQL,dbo,DataGeneral,Last_User,nvarchar
EMSQL,dbo,DataGeneral,Link_1,nvarchar
EMSQL,dbo,DataGeneral,Locked,bit
EMSQL,dbo,DataGeneral,M1_Cost,float
EMSQL,dbo,DataGeneral,M1_Cost_Rate,real
EMSQL,dbo,DataGeneral,M1_Factor_1,real
EMSQL,dbo,DataGeneral,M1_Factor_2,real
EMSQL,dbo,DataGeneral,M1_Present,int
EMSQL,dbo,DataGeneral,M1_Previous,int
EMSQL,dbo,DataGeneral,M1_Read_Code,varchar
EMSQL,dbo,DataGeneral,M1_Read_Date,datetime
EMSQL,dbo,DataGeneral,M1_Split1,real
EMSQL,dbo,DataGeneral,M1_Split1_Cost_Rate,real
EMSQL,dbo,DataGeneral,M1_Split2,real
EMSQL,dbo,DataGeneral,M1_Split2_Cost_Rate,real
EMSQL,dbo,DataGeneral,M1_Split3,real
EMSQL,dbo,DataGeneral,M1_Split3_Cost_Rate,real
EMSQL,dbo,DataGeneral,M1_Units,float
EMSQL,dbo,DataGeneral,M2_Cost,float
EMSQL,dbo,DataGeneral,M2_Cost_Rate,real
EMSQL,dbo,DataGeneral,M2_Factor_1,real
EMSQL,dbo,DataGeneral,M2_Factor_2,real
EMSQL,dbo,DataGeneral,M2_Present,int
EMSQL,dbo,DataGeneral,M2_Previous,int
EMSQL,dbo,DataGeneral,M2_Read_Code,varchar
EMSQL,dbo,DataGeneral,M2_Read_Date,datetime
EMSQL,dbo,DataGeneral,M2_Units,float
EMSQL,dbo,DataGeneral,M3_Cost,float
EMSQL,dbo,DataGeneral,M3_Cost_Rate,real
EMSQL,dbo,DataGeneral,M3_Factor_1,real
EMSQL,dbo,DataGeneral,M3_Factor_2,real
EMSQL,dbo,DataGeneral,M3_Present,int
EMSQL,dbo,DataGeneral,M3_Previous,int
EMSQL,dbo,DataGeneral,M3_Read_Code,varchar
EMSQL,dbo,DataGeneral,M3_Read_Date,datetime
EMSQL,dbo,DataGeneral,M3_Units,float
EMSQL,dbo,DataGeneral,M4_Cost,float
EMSQL,dbo,DataGeneral,M4_Cost_Rate,real
EMSQL,dbo,DataGeneral,M4_Factor_1,real
EMSQL,dbo,DataGeneral,M4_Factor_2,real
EMSQL,dbo,DataGeneral,M4_Present,int
EMSQL,dbo,DataGeneral,M4_Previous,int
EMSQL,dbo,DataGeneral,M4_Read_Code,varchar
EMSQL,dbo,DataGeneral,M4_Read_Date,datetime
EMSQL,dbo,DataGeneral,M4_Units,float
EMSQL,dbo,DataGeneral,Metering,real
EMSQL,dbo,DataGeneral,Misc_Cost,real
EMSQL,dbo,DataGeneral,Non_Vatable_Charges,real
EMSQL,dbo,DataGeneral,Note,nvarchar
EMSQL,dbo,DataGeneral,Number,nvarchar
EMSQL,dbo,DataGeneral,Other_Charge,real
EMSQL,dbo,DataGeneral,Passed_To_Accounts,bit
EMSQL,dbo,DataGeneral,Point_Id,int
EMSQL,dbo,DataGeneral,Record_Source,int
EMSQL,dbo,DataGeneral,Savings_Actual,real
EMSQL,dbo,DataGeneral,Savings_Estimated,real
EMSQL,dbo,DataGeneral,Screen_Format,int
EMSQL,dbo,DataGeneral,SOQ_Minimum,real
EMSQL,dbo,DataGeneral,SOQ_Registered,real
EMSQL,dbo,DataGeneral,Standing_Charge,real
EMSQL,dbo,DataGeneral,Standing_Charge_Rate,real
EMSQL,dbo,DataGeneral,Status,smallint
EMSQL,dbo,DataGeneral,SupplierName,nvarchar
EMSQL,dbo,DataGeneral,Transportation,real
EMSQL,dbo,DataGeneral,Units,float
EMSQL,dbo,DataGeneral,VAT,float
EMSQL,dbo,DataGeneral,VAT_1,real
EMSQL,dbo,DataGeneral,VAT_1_Percent,real
EMSQL,dbo,DataGeneral,VAT_2,real
EMSQL,dbo,DataGeneral,VAT_2_Percent,real
EMSQL,dbo,DataGeneral,VAT_Split,real
EMSQL,dbo,DataImports,ApplyContractRates,bit
EMSQL,dbo,DataImports,CarryDataForward,bit
EMSQL,dbo,DataImports,DataMode,int
EMSQL,dbo,DataImports,DefaultPath,nvarchar
EMSQL,dbo,DataImports,Description,ntext
EMSQL,dbo,DataImports,DisableCalculations,bit
EMSQL,dbo,DataImports,FactorSource,int
EMSQL,dbo,DataImports,Id,int
EMSQL,dbo,DataImports,ImportFormat,nvarchar
EMSQL,dbo,DataImports,LockInvoices,bit
EMSQL,dbo,DataImports,OverwriteDuplicates,bit
EMSQL,dbo,DataImports,RequestInvoiceReceivedDate,bit
EMSQL,dbo,DataImports,Supplier,nvarchar
EMSQL,dbo,DataImports,Utility,nvarchar
EMSQL,dbo,DataProfile,00:30,real
EMSQL,dbo,DataProfile,01:00,real
EMSQL,dbo,DataProfile,01:30,real
EMSQL,dbo,DataProfile,02:00,real
EMSQL,dbo,DataProfile,02:30,real
EMSQL,dbo,DataProfile,03:00,real
EMSQL,dbo,DataProfile,03:30,real
EMSQL,dbo,DataProfile,04:00,real
EMSQL,dbo,DataProfile,04:30,real
EMSQL,dbo,DataProfile,05:00,real
EMSQL,dbo,DataProfile,05:30,real
EMSQL,dbo,DataProfile,06:00,real
EMSQL,dbo,DataProfile,06:30,real
EMSQL,dbo,DataProfile,07:00,real
EMSQL,dbo,DataProfile,07:30,real
EMSQL,dbo,DataProfile,08:00,real
EMSQL,dbo,DataProfile,08:30,real
EMSQL,dbo,DataProfile,09:00,real
EMSQL,dbo,DataProfile,09:30,real
EMSQL,dbo,DataProfile,10:00,real
EMSQL,dbo,DataProfile,10:30,real
EMSQL,dbo,DataProfile,11:00,real
EMSQL,dbo,DataProfile,11:30,real
EMSQL,dbo,DataProfile,12:00,real
EMSQL,dbo,DataProfile,12:30,real
EMSQL,dbo,DataProfile,13:00,real
EMSQL,dbo,DataProfile,13:30,real
EMSQL,dbo,DataProfile,14:00,real
EMSQL,dbo,DataProfile,14:30,real
EMSQL,dbo,DataProfile,15:00,real
EMSQL,dbo,DataProfile,15:30,real
EMSQL,dbo,DataProfile,16:00,real
EMSQL,dbo,DataProfile,16:30,real
EMSQL,dbo,DataProfile,17:00,real
EMSQL,dbo,DataProfile,17:30,real
EMSQL,dbo,DataProfile,18:00,real
EMSQL,dbo,DataProfile,18:30,real
EMSQL,dbo,DataProfile,19:00,real
EMSQL,dbo,DataProfile,19:30,real
EMSQL,dbo,DataProfile,20:00,real
EMSQL,dbo,DataProfile,20:30,real
EMSQL,dbo,DataProfile,21:00,real
EMSQL,dbo,DataProfile,21:30,real
EMSQL,dbo,DataProfile,22:00,real
EMSQL,dbo,DataProfile,22:30,real
EMSQL,dbo,DataProfile,23:00,real
EMSQL,dbo,DataProfile,23:30,real
EMSQL,dbo,DataProfile,24:00,real
EMSQL,dbo,DataProfile,Checksum,int
EMSQL,dbo,DataProfile,Date,datetime
EMSQL,dbo,DataProfile,Id,int
EMSQL,dbo,DataProfile,Point_Id,int
EMSQL,dbo,DataProfile,TotalUnits,real
EMSQL,dbo,DataProfile,Type,smallint
EMSQL,dbo,DataProfile15min,00:15,real
EMSQL,dbo,DataProfile15min,00:30,real
EMSQL,dbo,DataProfile15min,00:45,real
EMSQL,dbo,DataProfile15min,01:00,real
EMSQL,dbo,DataProfile15min,01:15,real
EMSQL,dbo,DataProfile15min,01:30,real
EMSQL,dbo,DataProfile15min,01:45,real
EMSQL,dbo,DataProfile15min,02:00,real
EMSQL,dbo,DataProfile15min,02:15,real
EMSQL,dbo,DataProfile15min,02:30,real
EMSQL,dbo,DataProfile15min,02:45,real
EMSQL,dbo,DataProfile15min,03:00,real
EMSQL,dbo,DataProfile15min,03:15,real
EMSQL,dbo,DataProfile15min,03:30,real
EMSQL,dbo,DataProfile15min,03:45,real
EMSQL,dbo,DataProfile15min,04:00,real
EMSQL,dbo,DataProfile15min,04:15,real
EMSQL,dbo,DataProfile15min,04:30,real
EMSQL,dbo,DataProfile15min,04:45,real
EMSQL,dbo,DataProfile15min,05:00,real
EMSQL,dbo,DataProfile15min,05:15,real
EMSQL,dbo,DataProfile15min,05:30,real
EMSQL,dbo,DataProfile15min,05:45,real
EMSQL,dbo,DataProfile15min,06:00,real
EMSQL,dbo,DataProfile15min,06:15,real
EMSQL,dbo,DataProfile15min,06:30,real
EMSQL,dbo,DataProfile15min,06:45,real
EMSQL,dbo,DataProfile15min,07:00,real
EMSQL,dbo,DataProfile15min,07:15,real
EMSQL,dbo,DataProfile15min,07:30,real
EMSQL,dbo,DataProfile15min,07:45,real
EMSQL,dbo,DataProfile15min,08:00,real
EMSQL,dbo,DataProfile15min,08:15,real
EMSQL,dbo,DataProfile15min,08:30,real
EMSQL,dbo,DataProfile15min,08:45,real
EMSQL,dbo,DataProfile15min,09:00,real
EMSQL,dbo,DataProfile15min,09:15,real
EMSQL,dbo,DataProfile15min,09:30,real
EMSQL,dbo,DataProfile15min,09:45,real
EMSQL,dbo,DataProfile15min,10:00,real
EMSQL,dbo,DataProfile15min,10:15,real
EMSQL,dbo,DataProfile15min,10:30,real
EMSQL,dbo,DataProfile15min,10:45,real
EMSQL,dbo,DataProfile15min,11:00,real
EMSQL,dbo,DataProfile15min,11:15,real
EMSQL,dbo,DataProfile15min,11:30,real
EMSQL,dbo,DataProfile15min,11:45,real
EMSQL,dbo,DataProfile15min,12:00,real
EMSQL,dbo,DataProfile15min,12:15,real
EMSQL,dbo,DataProfile15min,12:30,real
EMSQL,dbo,DataProfile15min,12:45,real
EMSQL,dbo,DataProfile15min,13:00,real
EMSQL,dbo,DataProfile15min,13:15,real
EMSQL,dbo,DataProfile15min,13:30,real
EMSQL,dbo,DataProfile15min,13:45,real
EMSQL,dbo,DataProfile15min,14:00,real
EMSQL,dbo,DataProfile15min,14:15,real
EMSQL,dbo,DataProfile15min,14:30,real
EMSQL,dbo,DataProfile15min,14:45,real
EMSQL,dbo,DataProfile15min,15:00,real
EMSQL,dbo,DataProfile15min,15:15,real
EMSQL,dbo,DataProfile15min,15:30,real
EMSQL,dbo,DataProfile15min,15:45,real
EMSQL,dbo,DataProfile15min,16:00,real
EMSQL,dbo,DataProfile15min,16:15,real
EMSQL,dbo,DataProfile15min,16:30,real
EMSQL,dbo,DataProfile15min,16:45,real
EMSQL,dbo,DataProfile15min,17:00,real
EMSQL,dbo,DataProfile15min,17:15,real
EMSQL,dbo,DataProfile15min,17:30,real
EMSQL,dbo,DataProfile15min,17:45,real
EMSQL,dbo,DataProfile15min,18:00,real
EMSQL,dbo,DataProfile15min,18:15,real
EMSQL,dbo,DataProfile15min,18:30,real
EMSQL,dbo,DataProfile15min,18:45,real
EMSQL,dbo,DataProfile15min,19:00,real
EMSQL,dbo,DataProfile15min,19:15,real
EMSQL,dbo,DataProfile15min,19:30,real
EMSQL,dbo,DataProfile15min,19:45,real
EMSQL,dbo,DataProfile15min,20:00,real
EMSQL,dbo,DataProfile15min,20:15,real
EMSQL,dbo,DataProfile15min,20:30,real
EMSQL,dbo,DataProfile15min,20:45,real
EMSQL,dbo,DataProfile15min,21:00,real
EMSQL,dbo,DataProfile15min,21:15,real
EMSQL,dbo,DataProfile15min,21:30,real
EMSQL,dbo,DataProfile15min,21:45,real
EMSQL,dbo,DataProfile15min,22:00,real
EMSQL,dbo,DataProfile15min,22:15,real
EMSQL,dbo,DataProfile15min,22:30,real
EMSQL,dbo,DataProfile15min,22:45,real
EMSQL,dbo,DataProfile15min,23:00,real
EMSQL,dbo,DataProfile15min,23:15,real
EMSQL,dbo,DataProfile15min,23:30,real
EMSQL,dbo,DataProfile15min,23:45,real
EMSQL,dbo,DataProfile15min,24:00,real
EMSQL,dbo,DataProfile15min,Date,datetime
EMSQL,dbo,DataProfile15min,Id,int
EMSQL,dbo,DataProfile15min,Point_Id,int
EMSQL,dbo,DataProfile15min,TotalUnits,real
EMSQL,dbo,DataProfile15min,Type,smallint
EMSQL,dbo,DataProfileFlags,Checksum,int
EMSQL,dbo,DataProfileFlags,DataProfile_Id,int
EMSQL,dbo,DataProfileFlags,Flag0030,smallint
EMSQL,dbo,DataProfileFlags,Flag0100,smallint
EMSQL,dbo,DataProfileFlags,Flag0130,smallint
EMSQL,dbo,DataProfileFlags,Flag0200,smallint
EMSQL,dbo,DataProfileFlags,Flag0230,smallint
EMSQL,dbo,DataProfileFlags,Flag0300,smallint
EMSQL,dbo,DataProfileFlags,Flag0330,smallint
EMSQL,dbo,DataProfileFlags,Flag0400,smallint
EMSQL,dbo,DataProfileFlags,Flag0430,smallint
EMSQL,dbo,DataProfileFlags,Flag0500,smallint
EMSQL,dbo,DataProfileFlags,Flag0530,smallint
EMSQL,dbo,DataProfileFlags,Flag0600,smallint
EMSQL,dbo,DataProfileFlags,Flag0630,smallint
EMSQL,dbo,DataProfileFlags,Flag0700,smallint
EMSQL,dbo,DataProfileFlags,Flag0730,smallint
EMSQL,dbo,DataProfileFlags,Flag0800,smallint
EMSQL,dbo,DataProfileFlags,Flag0830,smallint
EMSQL,dbo,DataProfileFlags,Flag0900,smallint
EMSQL,dbo,DataProfileFlags,Flag0930,smallint
EMSQL,dbo,DataProfileFlags,Flag1000,smallint
EMSQL,dbo,DataProfileFlags,Flag1030,smallint
EMSQL,dbo,DataProfileFlags,Flag1100,smallint
EMSQL,dbo,DataProfileFlags,Flag1130,smallint
EMSQL,dbo,DataProfileFlags,Flag1200,smallint
EMSQL,dbo,DataProfileFlags,Flag1230,smallint
EMSQL,dbo,DataProfileFlags,Flag1300,smallint
EMSQL,dbo,DataProfileFlags,Flag1330,smallint
EMSQL,dbo,DataProfileFlags,Flag1400,smallint
EMSQL,dbo,DataProfileFlags,Flag1430,smallint
EMSQL,dbo,DataProfileFlags,Flag1500,smallint
EMSQL,dbo,DataProfileFlags,Flag1530,smallint
EMSQL,dbo,DataProfileFlags,Flag1600,smallint
EMSQL,dbo,DataProfileFlags,Flag1630,smallint
EMSQL,dbo,DataProfileFlags,Flag1700,smallint
EMSQL,dbo,DataProfileFlags,Flag1730,smallint
EMSQL,dbo,DataProfileFlags,Flag1800,smallint
EMSQL,dbo,DataProfileFlags,Flag1830,smallint
EMSQL,dbo,DataProfileFlags,Flag1900,smallint
EMSQL,dbo,DataProfileFlags,Flag1930,smallint
EMSQL,dbo,DataProfileFlags,Flag2000,smallint
EMSQL,dbo,DataProfileFlags,Flag2030,smallint
EMSQL,dbo,DataProfileFlags,Flag2100,smallint
EMSQL,dbo,DataProfileFlags,Flag2130,smallint
EMSQL,dbo,DataProfileFlags,Flag2200,smallint
EMSQL,dbo,DataProfileFlags,Flag2230,smallint
EMSQL,dbo,DataProfileFlags,Flag2300,smallint
EMSQL,dbo,DataProfileFlags,Flag2330,smallint
EMSQL,dbo,DataProfileFlags,Flag2400,smallint
EMSQL,dbo,DataSetAvailability,Availability,float
EMSQL,dbo,DataSetAvailability,Checksum,int
EMSQL,dbo,DataSetAvailability,Id,int
EMSQL,dbo,DataSetAvailability,Point_Id,int
EMSQL,dbo,DataSetAvailability,Valid_To,datetime
EMSQL,dbo,DataSetHistory,Checksum,int
EMSQL,dbo,DataSetHistory,Date_Value,datetime
EMSQL,dbo,DataSetHistory,Field_Id,int
EMSQL,dbo,DataSetHistory,Floating_Point_Value,float
EMSQL,dbo,DataSetHistory,Id,int
EMSQL,dbo,DataSetHistory,Integer_Value,int
EMSQL,dbo,DataSetHistory,Point_Id,int
EMSQL,dbo,DataSetHistory,String_Value,nvarchar
EMSQL,dbo,DataSetHistory,Valid_To,datetime
EMSQL,dbo,DataSetTax,Cca_Percent,float
EMSQL,dbo,DataSetTax,Ccl_Rate_Option,int
EMSQL,dbo,DataSetTax,Id,int
EMSQL,dbo,DataSetTax,Linked,bit
EMSQL,dbo,DataSetTax,Point_Id,int
EMSQL,dbo,DataSetTax,Valid_From,datetime
EMSQL,dbo,DataSetTax,Vat_Rate,float
EMSQL,dbo,DataSetTax,Vat_Rate_Option,int
EMSQL,dbo,DataSetTax,Vat_Split,float
EMSQL,dbo,DataSolid,Batch,int
EMSQL,dbo,DataSolid,Calorific_Value,real
EMSQL,dbo,DataSolid,Checksum,int
EMSQL,dbo,DataSolid,Climate_Change_Levy,real
EMSQL,dbo,DataSolid,Climate_Change_Levy_Rate,real
EMSQL,dbo,DataSolid,Closing,real
EMSQL,dbo,DataSolid,Consumption,real
EMSQL,dbo,DataSolid,Cost,float
EMSQL,dbo,DataSolid,Cost_Rate,real
EMSQL,dbo,DataSolid,Custom_1,real
EMSQL,dbo,DataSolid,Custom_Text_1,varchar
EMSQL,dbo,DataSolid,Date,datetime
EMSQL,dbo,DataSolid,Date_Paid,datetime
EMSQL,dbo,DataSolid,Date_Previous,datetime
EMSQL,dbo,DataSolid,Date_TaxPoint,datetime
EMSQL,dbo,DataSolid,Delivery,real
EMSQL,dbo,DataSolid,Delivery_Cost,real
EMSQL,dbo,DataSolid,Direct,nvarchar
EMSQL,dbo,DataSolid,DisableCalculation,bit
EMSQL,dbo,DataSolid,EDI,ntext
EMSQL,dbo,DataSolid,Estimate,nvarchar
EMSQL,dbo,DataSolid,Exclude_From_Reports,bit
EMSQL,dbo,DataSolid,Heat_Estimated_Units,real
EMSQL,dbo,DataSolid,Heat_Meter_Cost,real
EMSQL,dbo,DataSolid,Heat_Meter_Cost_Rate,real
EMSQL,dbo,DataSolid,Heat_Meter_Factor,real
EMSQL,dbo,DataSolid,Heat_Meter_Units,real
EMSQL,dbo,DataSolid,Id,int
EMSQL,dbo,DataSolid,Invoice_Number,varchar
EMSQL,dbo,DataSolid,Invoice_Received,datetime
EMSQL,dbo,DataSolid,Last_Update,datetime
EMSQL,dbo,DataSolid,Last_User,nvarchar
EMSQL,dbo,DataSolid,Link_1,nvarchar
EMSQL,dbo,DataSolid,Locked,bit
EMSQL,dbo,DataSolid,Moisture_Content,real
EMSQL,dbo,DataSolid,Non_Vatable_Charges,real
EMSQL,dbo,DataSolid,Note,nvarchar
EMSQL,dbo,DataSolid,Notional_Efficiency,real
EMSQL,dbo,DataSolid,Number,nvarchar
EMSQL,dbo,DataSolid,Opening,real
EMSQL,dbo,DataSolid,Other_Charge,real
EMSQL,dbo,DataSolid,Passed_To_Accounts,bit
EMSQL,dbo,DataSolid,Point_Id,int
EMSQL,dbo,DataSolid,Record_Source,int
EMSQL,dbo,DataSolid,Savings_Actual,real
EMSQL,dbo,DataSolid,Savings_Estimated,real
EMSQL,dbo,DataSolid,Standing_Charge,real
EMSQL,dbo,DataSolid,Status,smallint
EMSQL,dbo,DataSolid,Stock_Closing,real
EMSQL,dbo,DataSolid,Stock_Opening,real
EMSQL,dbo,DataSolid,SupplierName,nvarchar
EMSQL,dbo,DataSolid,Unit_Rate,real
EMSQL,dbo,DataSolid,Units,float
EMSQL,dbo,DataSolid,Use_Metered_Usage,bit
EMSQL,dbo,DataSolid,Variable_Charge,real
EMSQL,dbo,DataSolid,VAT,float
EMSQL,dbo,DataSolid,VAT_1,real
EMSQL,dbo,DataSolid,VAT_1_Percent,real
EMSQL,dbo,DataSolid,VAT_2,real
EMSQL,dbo,DataSolid,VAT_2_Percent,real
EMSQL,dbo,DataSolid,VAT_Split,real
EMSQL,dbo,DataSolid,Volume,real
EMSQL,dbo,DataSolid,Volume_Cost,real
EMSQL,dbo,DataSolid,Volume_Cost_Rate,real
EMSQL,dbo,DataSolid,Weight_Cost,real
EMSQL,dbo,DataSolid,Weight_Cost_Rate,real
EMSQL,dbo,DataWaste,Batch,int
EMSQL,dbo,DataWaste,Checksum,int
EMSQL,dbo,DataWaste,Climate_Change_Levy,real
EMSQL,dbo,DataWaste,Climate_Change_Levy_Rate,real
EMSQL,dbo,DataWaste,Cost,float
EMSQL,dbo,DataWaste,Custom_1,real
EMSQL,dbo,DataWaste,Custom_Text_1,varchar
EMSQL,dbo,DataWaste,Date,datetime
EMSQL,dbo,DataWaste,Date_Paid,datetime
EMSQL,dbo,DataWaste,Date_Previous,datetime
EMSQL,dbo,DataWaste,Date_TaxPoint,datetime
EMSQL,dbo,DataWaste,Delivery_Cost,real
EMSQL,dbo,DataWaste,Direct,char
EMSQL,dbo,DataWaste,DisableCalculation,bit
EMSQL,dbo,DataWaste,EDI,ntext
EMSQL,dbo,DataWaste,Estimate,char
EMSQL,dbo,DataWaste,Exclude_From_Reports,bit
EMSQL,dbo,DataWaste,Id,int
EMSQL,dbo,DataWaste,Invoice_Number,varchar
EMSQL,dbo,DataWaste,Invoice_Received,datetime
EMSQL,dbo,DataWaste,Landfill_Charge,real
EMSQL,dbo,DataWaste,Last_Update,datetime
EMSQL,dbo,DataWaste,Last_User,varchar
EMSQL,dbo,DataWaste,Link_1,varchar
EMSQL,dbo,DataWaste,Locked,bit
EMSQL,dbo,DataWaste,M1_Cost,real
EMSQL,dbo,DataWaste,M1_Cost_Rate,real
EMSQL,dbo,DataWaste,M1_Description,varchar
EMSQL,dbo,DataWaste,M1_Factor,real
EMSQL,dbo,DataWaste,M1_Quantity,real
EMSQL,dbo,DataWaste,M1_Units,real
EMSQL,dbo,DataWaste,M2_Cost,real
EMSQL,dbo,DataWaste,M2_Cost_Rate,real
EMSQL,dbo,DataWaste,M2_Description,varchar
EMSQL,dbo,DataWaste,M2_Factor,real
EMSQL,dbo,DataWaste,M2_Quantity,real
EMSQL,dbo,DataWaste,M2_Units,real
EMSQL,dbo,DataWaste,M3_Cost,real
EMSQL,dbo,DataWaste,M3_Cost_Rate,real
EMSQL,dbo,DataWaste,M3_Description,varchar
EMSQL,dbo,DataWaste,M3_Factor,real
EMSQL,dbo,DataWaste,M3_Quantity,real
EMSQL,dbo,DataWaste,M3_Units,real
EMSQL,dbo,DataWaste,M4_Cost,real
EMSQL,dbo,DataWaste,M4_Cost_Rate,real
EMSQL,dbo,DataWaste,M4_Description,varchar
EMSQL,dbo,DataWaste,M4_Factor,real
EMSQL,dbo,DataWaste,M4_Quantity,real
EMSQL,dbo,DataWaste,M4_Units,real
EMSQL,dbo,DataWaste,M5_Cost,real
EMSQL,dbo,DataWaste,M5_Cost_Rate,real
EMSQL,dbo,DataWaste,M5_Description,varchar
EMSQL,dbo,DataWaste,M5_Factor,real
EMSQL,dbo,DataWaste,M5_Quantity,real
EMSQL,dbo,DataWaste,M5_Units,real
EMSQL,dbo,DataWaste,M6_Cost,real
EMSQL,dbo,DataWaste,M6_Cost_Rate,real
EMSQL,dbo,DataWaste,M6_Description,varchar
EMSQL,dbo,DataWaste,M6_Factor,real
EMSQL,dbo,DataWaste,M6_Quantity,real
EMSQL,dbo,DataWaste,M6_Units,real
EMSQL,dbo,DataWaste,Non_Vatable_Charges,real
EMSQL,dbo,DataWaste,Note,varchar
EMSQL,dbo,DataWaste,Number,varchar
EMSQL,dbo,DataWaste,Other_Charge,real
EMSQL,dbo,DataWaste,Passed_To_Accounts,bit
EMSQL,dbo,DataWaste,Point_Id,int
EMSQL,dbo,DataWaste,Record_Source,int
EMSQL,dbo,DataWaste,Rent_Cost,real
EMSQL,dbo,DataWaste,Savings_Actual,real
EMSQL,dbo,DataWaste,Savings_Estimated,real
EMSQL,dbo,DataWaste,Standing_Charge,real
EMSQL,dbo,DataWaste,Status,tinyint
EMSQL,dbo,DataWaste,SupplierName,varchar
EMSQL,dbo,DataWaste,Units,float
EMSQL,dbo,DataWaste,VAT,float
EMSQL,dbo,DataWater,B1_Factor,real
EMSQL,dbo,DataWater,B1_Present,int
EMSQL,dbo,DataWater,B1_Previous,int
EMSQL,dbo,DataWater,B1_Read_Code,varchar
EMSQL,dbo,DataWater,B1_Read_Date,datetime
EMSQL,dbo,DataWater,B1_Units,real
EMSQL,dbo,DataWater,B2_Factor,real
EMSQL,dbo,DataWater,B2_Present,int
EMSQL,dbo,DataWater,B2_Previous,int
EMSQL,dbo,DataWater,B2_Read_Code,varchar
EMSQL,dbo,DataWater,B2_Read_Date,datetime
EMSQL,dbo,DataWater,B2_Units,real
EMSQL,dbo,DataWater,Batch,int
EMSQL,dbo,DataWater,Checksum,int
EMSQL,dbo,DataWater,Chemical_Oxygen_Demand,real
EMSQL,dbo,DataWater,Climate_Change_Levy,real
EMSQL,dbo,DataWater,Climate_Change_Levy_Rate,real
EMSQL,dbo,DataWater,Cost,float
EMSQL,dbo,DataWater,Custom_1,real
EMSQL,dbo,DataWater,Custom_Text_1,varchar
EMSQL,dbo,DataWater,Date,datetime
EMSQL,dbo,DataWater,Date_Paid,datetime
EMSQL,dbo,DataWater,Date_Previous,datetime
EMSQL,dbo,DataWater,Date_TaxPoint,datetime
EMSQL,dbo,DataWater,Direct,nvarchar
EMSQL,dbo,DataWater,DisableCalculation,bit
EMSQL,dbo,DataWater,EDI,ntext
EMSQL,dbo,DataWater,Environmental_Cost,real
EMSQL,dbo,DataWater,Estimate,nvarchar
EMSQL,dbo,DataWater,Exclude_From_Reports,bit
EMSQL,dbo,DataWater,Highway_Cost,real
EMSQL,dbo,DataWater,Id,int
EMSQL,dbo,DataWater,Invoice_Number,varchar
EMSQL,dbo,DataWater,Invoice_Period,int
EMSQL,dbo,DataWater,Invoice_Received,datetime
EMSQL,dbo,DataWater,Last_Update,datetime
EMSQL,dbo,DataWater,Last_User,nvarchar
EMSQL,dbo,DataWater,Link_1,nvarchar
EMSQL,dbo,DataWater,Locked,bit
EMSQL,dbo,DataWater,M1_Factor,real
EMSQL,dbo,DataWater,M1_Present,int
EMSQL,dbo,DataWater,M1_Previous,int
EMSQL,dbo,DataWater,M1_Read_Code,varchar
EMSQL,dbo,DataWater,M1_Read_Date,datetime
EMSQL,dbo,DataWater,M1_Units,real
EMSQL,dbo,DataWater,M2_Factor,real
EMSQL,dbo,DataWater,M2_Present,int
EMSQL,dbo,DataWater,M2_Previous,int
EMSQL,dbo,DataWater,M2_Read_Code,varchar
EMSQL,dbo,DataWater,M2_Read_Date,datetime
EMSQL,dbo,DataWater,M2_Units,real
EMSQL,dbo,DataWater,M3_Factor,real
EMSQL,dbo,DataWater,M3_Present,int
EMSQL,dbo,DataWater,M3_Previous,int
EMSQL,dbo,DataWater,M3_Read_Code,varchar
EMSQL,dbo,DataWater,M3_Read_Date,datetime
EMSQL,dbo,DataWater,M3_Units,real
EMSQL,dbo,DataWater,M4_Factor,real
EMSQL,dbo,DataWater,M4_Present,int
EMSQL,dbo,DataWater,M4_Previous,int
EMSQL,dbo,DataWater,M4_Read_Code,varchar
EMSQL,dbo,DataWater,M4_Read_Date,datetime
EMSQL,dbo,DataWater,M4_Units,real
EMSQL,dbo,DataWater,Meter_Size_1,real
EMSQL,dbo,DataWater,Meter_Size_1_Supply_Rate,real
EMSQL,dbo,DataWater,Meter_Size_1_Waste_Rate,real
EMSQL,dbo,DataWater,Meter_Size_2,real
EMSQL,dbo,DataWater,Meter_Size_2_Supply_Rate,real
EMSQL,dbo,DataWater,Meter_Size_2_Waste_Rate,real
EMSQL,dbo,DataWater,Meter_Size_Supply,real
EMSQL,dbo,DataWater,Meter_Size_Waste,real
EMSQL,dbo,DataWater,Misc_Cost,real
EMSQL,dbo,DataWater,Non_Vatable_Charges,real
EMSQL,dbo,DataWater,Note,nvarchar
EMSQL,dbo,DataWater,Number,nvarchar
EMSQL,dbo,DataWater,Other_Charge,real
EMSQL,dbo,DataWater,Passed_To_Accounts,bit
EMSQL,dbo,DataWater,Point_Id,int
EMSQL,dbo,DataWater,Rates,real
EMSQL,dbo,DataWater,Rates_Cost,real
EMSQL,dbo,DataWater,Rates_Cost_Rate,real
EMSQL,dbo,DataWater,Rates_Road_Cost,real
EMSQL,dbo,DataWater,Rates_Road_Cost_Rate,real
EMSQL,dbo,DataWater,Record_Source,int
EMSQL,dbo,DataWater,Savings_Actual,real
EMSQL,dbo,DataWater,Savings_Estimated,real
EMSQL,dbo,DataWater,Screen_Format,int
EMSQL,dbo,DataWater,Sewerage_Cost,real
EMSQL,dbo,DataWater,Sewerage_Cost_Rate,real
EMSQL,dbo,DataWater,Sewerage_Factor,real
EMSQL,dbo,DataWater,Sewerage_Units,real
EMSQL,dbo,DataWater,Standing_Charge,real
EMSQL,dbo,DataWater,Standing_Charge_2,real
EMSQL,dbo,DataWater,Standing_Charge_Date,datetime
EMSQL,dbo,DataWater,Standing_Charge_Date_Previous,datetime
EMSQL,dbo,DataWater,Standing_Charge_Period,int
EMSQL,dbo,DataWater,Standing_Charge_Rate,real
EMSQL,dbo,DataWater,Standing_Charge_Rate_2,real
EMSQL,dbo,DataWater,Status,smallint
EMSQL,dbo,DataWater,SupplierName,nvarchar
EMSQL,dbo,DataWater,Surface_Water_Cost,real
EMSQL,dbo,DataWater,Suspended_Solids,real
EMSQL,dbo,DataWater,Tariff_Cost,real
EMSQL,dbo,DataWater,Trade_Effluent_Cost,real
EMSQL,dbo,DataWater,Trade_Effluent_Cost_Rate,real
EMSQL,dbo,DataWater,Trade_Effluent_Factor,real
EMSQL,dbo,DataWater,Trade_Effluent_Units,real
EMSQL,dbo,DataWater,Units,float
EMSQL,dbo,DataWater,VAT,float
EMSQL,dbo,DataWater,Volume_Cost,real
EMSQL,dbo,DataWater,Water_Cost,real
EMSQL,dbo,DataWater,Water_Cost_Rate,real
EMSQL,dbo,DataWater,Water_Factor,real
EMSQL,dbo,DataWater,Water_Units,real
EMSQL,dbo,DegreeDayData,Apr,int
EMSQL,dbo,DegreeDayData,AreaId,int
EMSQL,dbo,DegreeDayData,Aug,int
EMSQL,dbo,DegreeDayData,Checksum,int
EMSQL,dbo,DegreeDayData,Cooling,bit
EMSQL,dbo,DegreeDayData,Dec,int
EMSQL,dbo,DegreeDayData,Feb,int
EMSQL,dbo,DegreeDayData,Jan,int
EMSQL,dbo,DegreeDayData,Jul,int
EMSQL,dbo,DegreeDayData,Jun,int
EMSQL,dbo,DegreeDayData,Mar,int
EMSQL,dbo,DegreeDayData,May,int
EMSQL,dbo,DegreeDayData,Nov,int
EMSQL,dbo,DegreeDayData,Oct,int
EMSQL,dbo,DegreeDayData,Sep,int
EMSQL,dbo,DegreeDayData,Year,nvarchar
EMSQL,dbo,DegreeDayDataNew,AreaId,int
EMSQL,dbo,DegreeDayDataNew,Average,bit
EMSQL,dbo,DegreeDayDataNew,Checksum,int
EMSQL,dbo,DegreeDayDataNew,Cooling,bit
EMSQL,dbo,DegreeDayDataNew,DegreeDays,float
EMSQL,dbo,DegreeDayDataNew,EndDate,datetime
EMSQL,dbo,DegreeDayDataNew,Id,int
EMSQL,dbo,EMLicensing,Id,int
EMSQL,dbo,EMLicensing,LicenseId,varchar
EMSQL,dbo,EMLicensing,LicenseKey,ntext
EMSQL,dbo,EventItem,AffectsConsumption,bit
EMSQL,dbo,EventItem,CategoryId,int
EMSQL,dbo,EventItem,DataSetId,int
EMSQL,dbo,EventItem,Description,varchar
EMSQL,dbo,EventItem,EventDate,datetime
EMSQL,dbo,EventItem,Id,int
EMSQL,dbo,EventItem,Reference,nvarchar
EMSQL,dbo,EventItem,SiteId,int
EMSQL,dbo,ExceptionRuleDayThresholds,AboveThreshold,bit
EMSQL,dbo,ExceptionRuleDayThresholds,Checksum,int
EMSQL,dbo,ExceptionRuleDayThresholds,DayTypeId,int
EMSQL,dbo,ExceptionRuleDayThresholds,ExceptionRuleId,int
EMSQL,dbo,ExceptionRuleDayThresholds,Id,int
EMSQL,dbo,ExceptionRuleDayThresholds,Threshold,float
EMSQL,dbo,ExceptionRuleDynamicThresholds,AboveThreshold,bit
EMSQL,dbo,ExceptionRuleDynamicThresholds,Checksum,int
EMSQL,dbo,ExceptionRuleDynamicThresholds,DayType,int
EMSQL,dbo,ExceptionRuleDynamicThresholds,ExceptionRuleId,int
EMSQL,dbo,ExceptionRuleDynamicThresholds,Id,int
EMSQL,dbo,ExceptionRuleDynamicThresholds,NumberOfDataPoints,int
EMSQL,dbo,ExceptionRuleDynamicThresholds,Percentage,float
EMSQL,dbo,ExceptionRuleDynamicThresholds,PeriodEndDate,datetime
EMSQL,dbo,ExceptionRuleDynamicThresholds,PeriodStartDate,datetime
EMSQL,dbo,ExceptionRuleDynamicThresholds,RequiredExceptions,int
EMSQL,dbo,ExceptionRuleDynamicThresholds,StandardDeviations,float
EMSQL,dbo,ExceptionRuleDynamicThresholds,ThresholdType,int
EMSQL,dbo,ExceptionRuleDynamicThresholds,UseNumberofDays,bit
EMSQL,dbo,ExceptionRuleDynamicThresholds,UsePercentage,bit
EMSQL,dbo,ExceptionRuleDynamicThresholds,UseStandardDeviations,bit
EMSQL,dbo,ExceptionRuleDynamicThresholds,WeeksPrevious,int
EMSQL,dbo,ExceptionRuleHalfHourThresholds,00:30,real
EMSQL,dbo,ExceptionRuleHalfHourThresholds,01:00,real
EMSQL,dbo,ExceptionRuleHalfHourThresholds,01:30,real
EMSQL,dbo,ExceptionRuleHalfHourThresholds,02:00,real
EMSQL,dbo,ExceptionRuleHalfHourThresholds,02:30,real
EMSQL,dbo,ExceptionRuleHalfHourThresholds,03:00,real
EMSQL,dbo,ExceptionRuleHalfHourThresholds,03:30,real
EMSQL,dbo,ExceptionRuleHalfHourThresholds,04:00,real
EMSQL,dbo,ExceptionRuleHalfHourThresholds,04:30,real
EMSQL,dbo,ExceptionRuleHalfHourThresholds,05:00,real
EMSQL,dbo,ExceptionRuleHalfHourThresholds,05:30,real
EMSQL,dbo,ExceptionRuleHalfHourThresholds,06:00,real
EMSQL,dbo,ExceptionRuleHalfHourThresholds,06:30,real
EMSQL,dbo,ExceptionRuleHalfHourThresholds,07:00,real
EMSQL,dbo,ExceptionRuleHalfHourThresholds,07:30,real
EMSQL,dbo,ExceptionRuleHalfHourThresholds,08:00,real
EMSQL,dbo,ExceptionRuleHalfHourThresholds,08:30,real
EMSQL,dbo,ExceptionRuleHalfHourThresholds,09:00,real
EMSQL,dbo,ExceptionRuleHalfHourThresholds,09:30,real
EMSQL,dbo,ExceptionRuleHalfHourThresholds,10:00,real
EMSQL,dbo,ExceptionRuleHalfHourThresholds,10:30,real
EMSQL,dbo,ExceptionRuleHalfHourThresholds,11:00,real
EMSQL,dbo,ExceptionRuleHalfHourThresholds,11:30,real
EMSQL,dbo,ExceptionRuleHalfHourThresholds,12:00,real
EMSQL,dbo,ExceptionRuleHalfHourThresholds,12:30,real
EMSQL,dbo,ExceptionRuleHalfHourThresholds,13:00,real
EMSQL,dbo,ExceptionRuleHalfHourThresholds,13:30,real
EMSQL,dbo,ExceptionRuleHalfHourThresholds,14:00,real
EMSQL,dbo,ExceptionRuleHalfHourThresholds,14:30,real
EMSQL,dbo,ExceptionRuleHalfHourThresholds,15:00,real
EMSQL,dbo,ExceptionRuleHalfHourThresholds,15:30,real
EMSQL,dbo,ExceptionRuleHalfHourThresholds,16:00,real
EMSQL,dbo,ExceptionRuleHalfHourThresholds,16:30,real
EMSQL,dbo,ExceptionRuleHalfHourThresholds,17:00,real
EMSQL,dbo,ExceptionRuleHalfHourThresholds,17:30,real
EMSQL,dbo,ExceptionRuleHalfHourThresholds,18:00,real
EMSQL,dbo,ExceptionRuleHalfHourThresholds,18:30,real
EMSQL,dbo,ExceptionRuleHalfHourThresholds,19:00,real
EMSQL,dbo,ExceptionRuleHalfHourThresholds,19:30,real
EMSQL,dbo,ExceptionRuleHalfHourThresholds,20:00,real
EMSQL,dbo,ExceptionRuleHalfHourThresholds,20:30,real
EMSQL,dbo,ExceptionRuleHalfHourThresholds,21:00,real
EMSQL,dbo,ExceptionRuleHalfHourThresholds,21:30,real
EMSQL,dbo,ExceptionRuleHalfHourThresholds,22:00,real
EMSQL,dbo,ExceptionRuleHalfHourThresholds,22:30,real
EMSQL,dbo,ExceptionRuleHalfHourThresholds,23:00,real
EMSQL,dbo,ExceptionRuleHalfHourThresholds,23:30,real
EMSQL,dbo,ExceptionRuleHalfHourThresholds,24:00,real
EMSQL,dbo,ExceptionRuleHalfHourThresholds,AboveThreshold,bit
EMSQL,dbo,ExceptionRuleHalfHourThresholds,Checksum,int
EMSQL,dbo,ExceptionRuleHalfHourThresholds,DayTypeId,int
EMSQL,dbo,ExceptionRuleHalfHourThresholds,ExceptionRuleId,int
EMSQL,dbo,ExceptionRuleHalfHourThresholds,Id,int
EMSQL,dbo,ExceptionRuleHalfHourThresholds,RequiredExceptions,int
EMSQL,dbo,ExceptionRules,ActionRequired,int
EMSQL,dbo,ExceptionRules,AdjustBST,bit
EMSQL,dbo,ExceptionRules,Checksum,int
EMSQL,dbo,ExceptionRules,Id,int
EMSQL,dbo,ExceptionRules,Name,varchar
EMSQL,dbo,ExceptionRules,RuleSetId,int
EMSQL,dbo,ExceptionRules,RuleType,varchar
EMSQL,dbo,ExceptionRules,SendAlert,bit
EMSQL,dbo,ExceptionRuleSets,BaseRuleSetId,int
EMSQL,dbo,ExceptionRuleSets,Checksum,int
EMSQL,dbo,ExceptionRuleSets,DataSetId,int
EMSQL,dbo,ExceptionRuleSets,Id,int
EMSQL,dbo,ExceptionRuleSets,Name,varchar
EMSQL,dbo,Factor,Checksum,int
EMSQL,dbo,Factor,CO2SourceId,int
EMSQL,dbo,Factor,GroupId,int
EMSQL,dbo,Factor,Id,int
EMSQL,dbo,Factor,Notes,varchar
EMSQL,dbo,Factor,RegionId,int
EMSQL,dbo,Factor,StartDate,datetime
EMSQL,dbo,Factor,Type,varchar
EMSQL,dbo,Factor,Utility,varchar
EMSQL,dbo,Factor,Value,float
EMSQL,dbo,Favourite,ClientGroupId,int
EMSQL,dbo,Favourite,Id,int
EMSQL,dbo,Favourite,Name,varchar
EMSQL,dbo,Favourite,NodeType,int
EMSQL,dbo,Favourite,ParentId,int
EMSQL,dbo,Favourite,UserName,varchar
EMSQL,dbo,FavouriteSetting,FavouriteId,int
EMSQL,dbo,FavouriteSetting,Id,int
EMSQL,dbo,FavouriteSetting,Key,varchar
EMSQL,dbo,FavouriteSetting,Value,varchar
EMSQL,dbo,FieldNames,Checksum,int
EMSQL,dbo,FieldNames,ColumnPosition,smallint
EMSQL,dbo,FieldNames,ColumnWidth,smallint
EMSQL,dbo,FieldNames,FieldName,nvarchar
EMSQL,dbo,FieldNames,NewFieldName,nvarchar
EMSQL,dbo,FieldNames,TableName,nvarchar
EMSQL,dbo,GroupEmailConfiguration,Attachment_Name,varchar
EMSQL,dbo,GroupEmailConfiguration,Body,ntext
EMSQL,dbo,GroupEmailConfiguration,Id,int
EMSQL,dbo,GroupEmailConfiguration,ScheduledReport_Id,int
EMSQL,dbo,GroupEmailConfiguration,Title,varchar
EMSQL,dbo,GroupEmailConfigurationAddress,ContactsPeople_Id,int
EMSQL,dbo,GroupEmailConfigurationAddress,ErrorMessage,ntext
EMSQL,dbo,GroupEmailConfigurationAddress,GroupEmailConfiguration_Id,int
EMSQL,dbo,GroupEmailConfigurationAddress,Id,int
EMSQL,dbo,GroupEmailConfigurationAddress,Status,int
EMSQL,dbo,Groups,Checksum,int
EMSQL,dbo,Groups,DataMode,smallint
EMSQL,dbo,Groups,Factor,real
EMSQL,dbo,Groups,Id,int
EMSQL,dbo,Groups,Link_Id,int
EMSQL,dbo,Groups,LinkType,smallint
EMSQL,dbo,Groups,Lookup_Id,int
EMSQL,dbo,Groups,Order_Num,int
EMSQL,dbo,ImageData,Blob,varbinary
EMSQL,dbo,ImageData,Category,int
EMSQL,dbo,ImageData,Checksum,int
EMSQL,dbo,ImageData,FilePath,varchar
EMSQL,dbo,ImageData,Height,int
EMSQL,dbo,ImageData,Id,int
EMSQL,dbo,ImageData,ObjectId,int
EMSQL,dbo,ImageData,Original_Filepath,varchar
EMSQL,dbo,ImageData,ParentImageData_Id,int
EMSQL,dbo,ImageData,SourceType,int
EMSQL,dbo,ImageData,StorageLocation,int
EMSQL,dbo,ImageData,Width,int
EMSQL,dbo,ImportLayout,FormName,varchar
EMSQL,dbo,ImportLayout,Id,int
EMSQL,dbo,ImportLayout,ImportCode,varchar
EMSQL,dbo,ImportLayout,LayoutString,ntext
EMSQL,dbo,ImportLayout,Name,varchar
EMSQL,dbo,ImportLayout,Utility,varchar
EMSQL,dbo,Justifications,Checksum,int
EMSQL,dbo,Justifications,Id,int
EMSQL,dbo,Justifications,Name,varchar
EMSQL,dbo,Lookup,Checksum,int
EMSQL,dbo,Lookup,Last_Update,datetime
EMSQL,dbo,Lookup,Last_User,nvarchar
EMSQL,dbo,Lookup,Lookup_Code,int
EMSQL,dbo,Lookup,Lookup_Group,nvarchar
EMSQL,dbo,Lookup,Lookup_Id,int
EMSQL,dbo,Lookup,Lookup_Name,nvarchar
EMSQL,dbo,Lookup,ParentId,int
EMSQL,dbo,Points,Aggregate_Meter,bit
EMSQL,dbo,Points,Annual_Quantity,real
EMSQL,dbo,Points,BestfitAdjustmentCorrelation,real
EMSQL,dbo,Points,BestfitAdjustmentGradient,real
EMSQL,dbo,Points,BestfitAdjustmentIntercept,real
EMSQL,dbo,Points,BestfitAdjustmentUpdate,datetime
EMSQL,dbo,Points,BestfitCusumCorrelation,real
EMSQL,dbo,Points,BestfitCusumGradient,real
EMSQL,dbo,Points,BestfitCusumIntercept,real
EMSQL,dbo,Points,BestfitCusumUpdate,datetime
EMSQL,dbo,Points,BestfitTargetCorrelation,real
EMSQL,dbo,Points,BestfitTargetGradient,real
EMSQL,dbo,Points,BestfitTargetIntercept,real
EMSQL,dbo,Points,BestfitTargetUpdate,datetime
EMSQL,dbo,Points,Bill_Frequency,smallint
EMSQL,dbo,Points,Checksum,int
EMSQL,dbo,Points,Class_Type,nvarchar
EMSQL,dbo,Points,Closed,bit
EMSQL,dbo,Points,Closed_Date,datetime
EMSQL,dbo,Points,Code,nvarchar
EMSQL,dbo,Points,Code2,nvarchar
EMSQL,dbo,Points,Comments,ntext
EMSQL,dbo,Points,Contacts_Id,int
EMSQL,dbo,Points,Custom,bit
EMSQL,dbo,Points,DataAdjustment,int
EMSQL,dbo,Points,Dial_Data,bit
EMSQL,dbo,Points,Direct_Meter_View,bit
EMSQL,dbo,Points,Disable_Web_Readings,bit
EMSQL,dbo,Points,DisableAdjustment,bit
EMSQL,dbo,Points,EAC,float
EMSQL,dbo,Points,Exclude_From_Reports,bit
EMSQL,dbo,Points,Exclude_From_Reports_Direct,bit
EMSQL,dbo,Points,Exclude_From_Reports_Profile,bit
EMSQL,dbo,Points,FailValidation,bit
EMSQL,dbo,Points,Flag_Direct,bit
EMSQL,dbo,Points,Flag_Invoice,bit
EMSQL,dbo,Points,Flag_Profile,bit
EMSQL,dbo,Points,Format,nvarchar
EMSQL,dbo,Points,Gas_Meter_Size,nvarchar
EMSQL,dbo,Points,Group_1,int
EMSQL,dbo,Points,Group_2,int
EMSQL,dbo,Points,Highway_Drainage,bit
EMSQL,dbo,Points,Host_Supplier,nvarchar
EMSQL,dbo,Points,Id,int
EMSQL,dbo,Points,Import_Link_Code,nvarchar
EMSQL,dbo,Points,Import_Link_Code_Direct,nvarchar
EMSQL,dbo,Points,Import_Link_Code_Profile,nvarchar
EMSQL,dbo,Points,Interruptible,bit
EMSQL,dbo,Points,Invoice_Validation_Profile_Id,int
EMSQL,dbo,Points,kVA,real
EMSQL,dbo,Points,kWh_Factor,real
EMSQL,dbo,Points,Landlord_Billed,bit
EMSQL,dbo,Points,Last_Update,datetime
EMSQL,dbo,Points,Last_User,nvarchar
EMSQL,dbo,Points,Link_1,nvarchar
EMSQL,dbo,Points,Link_2,nvarchar
EMSQL,dbo,Points,Link_3,nvarchar
EMSQL,dbo,Points,Location,nvarchar
EMSQL,dbo,Points,M1_Code1,nvarchar
EMSQL,dbo,Points,M1_Code2,nvarchar
EMSQL,dbo,Points,M1_Code3,nvarchar
EMSQL,dbo,Points,M1_Code4,nvarchar
EMSQL,dbo,Points,M2_Code1,nvarchar
EMSQL,dbo,Points,M2_Code2,nvarchar
EMSQL,dbo,Points,M2_Code3,nvarchar
EMSQL,dbo,Points,M2_Code4,nvarchar
EMSQL,dbo,Points,M3_Code1,nvarchar
EMSQL,dbo,Points,M3_Code2,nvarchar
EMSQL,dbo,Points,M3_Code3,nvarchar
EMSQL,dbo,Points,M3_Code4,nvarchar
EMSQL,dbo,Points,M4_Code1,nvarchar
EMSQL,dbo,Points,M4_Code2,nvarchar
EMSQL,dbo,Points,M4_Code3,nvarchar
EMSQL,dbo,Points,M4_Code4,nvarchar
EMSQL,dbo,Points,M5_Code1,nvarchar
EMSQL,dbo,Points,M5_Code2,nvarchar
EMSQL,dbo,Points,M5_Code3,nvarchar
EMSQL,dbo,Points,M5_Code4,nvarchar
EMSQL,dbo,Points,M6_Code1,nvarchar
EMSQL,dbo,Points,M6_Code2,nvarchar
EMSQL,dbo,Points,M6_Code3,nvarchar
EMSQL,dbo,Points,M6_Code4,nvarchar
EMSQL,dbo,Points,M7_Code1,nvarchar
EMSQL,dbo,Points,M7_Code2,nvarchar
EMSQL,dbo,Points,M7_Code3,nvarchar
EMSQL,dbo,Points,M7_Code4,nvarchar
EMSQL,dbo,Points,M8_Code1,nvarchar
EMSQL,dbo,Points,M8_Code2,nvarchar
EMSQL,dbo,Points,M8_Code3,nvarchar
EMSQL,dbo,Points,M8_Code4,nvarchar
EMSQL,dbo,Points,Maximum_Alarm_Value,real
EMSQL,dbo,Points,Meter_Asset_Manager,varchar
EMSQL,dbo,Points,Meter_Digits,int
EMSQL,dbo,Points,Meter_Operator,nvarchar
EMSQL,dbo,Points,Meter_Size_2,real
EMSQL,dbo,Points,Meter_Type,nvarchar
EMSQL,dbo,Points,Meter_Type_Capacity,real
EMSQL,dbo,Points,MeterSize,real
EMSQL,dbo,Points,MHHS_Applied,bit
EMSQL,dbo,Points,NI_Boiler_Type,int
EMSQL,dbo,Points,Nominated_SOQ,float
EMSQL,dbo,Points,Note,nvarchar
EMSQL,dbo,Points,Number,nvarchar
EMSQL,dbo,Points,Number_1,real
EMSQL,dbo,Points,Number_Data_Loggers,smallint
EMSQL,dbo,Points,Other_Number,nvarchar
EMSQL,dbo,Points,Point_Id_Account,int
EMSQL,dbo,Points,PowerFactor,real
EMSQL,dbo,Points,Profile_Calorific_Value,real
EMSQL,dbo,Points,Profile_Correction_Factor,real
EMSQL,dbo,Points,Profile_Cost_Rate,int
EMSQL,dbo,Points,Profile_Frequency,nvarchar
EMSQL,dbo,Points,Profile_kWh_Factor,real
EMSQL,dbo,Points,Profile_Meter,bit
EMSQL,dbo,Points,Profile_Meter_Max,int
EMSQL,dbo,Points,Profile_Scale_Factor,real
EMSQL,dbo,Points,Profile_Threshold_1,real
EMSQL,dbo,Points,Profile_Threshold_2,real
EMSQL,dbo,Points,Return_To_Sewer,real
EMSQL,dbo,Points,Rota_Disconnection_Alpha_Identifier,varchar
EMSQL,dbo,Points,Sewerage_Supplier,nvarchar
EMSQL,dbo,Points,Sewerage_Wholesale_Tariff,varchar
EMSQL,dbo,Points,SOQ_Alternative,real
EMSQL,dbo,Points,SOQ_Minimum,real
EMSQL,dbo,Points,SOQ_Peak,real
EMSQL,dbo,Points,SubMeter,bit
EMSQL,dbo,Points,Supplier,nvarchar
EMSQL,dbo,Points,Supply_Hourly_Quantity,real
EMSQL,dbo,Points,Surface_Water,bit
EMSQL,dbo,Points,Target_01,real
EMSQL,dbo,Points,Target_02,real
EMSQL,dbo,Points,Target_03,real
EMSQL,dbo,Points,Target_04,real
EMSQL,dbo,Points,Target_05,real
EMSQL,dbo,Points,Target_06,real
EMSQL,dbo,Points,Target_07,real
EMSQL,dbo,Points,Target_08,real
EMSQL,dbo,Points,Target_09,real
EMSQL,dbo,Points,Target_10,real
EMSQL,dbo,Points,Target_11,real
EMSQL,dbo,Points,Target_12,real
EMSQL,dbo,Points,TargetCost_01,real
EMSQL,dbo,Points,TargetCost_02,real
EMSQL,dbo,Points,TargetCost_03,real
EMSQL,dbo,Points,TargetCost_04,real
EMSQL,dbo,Points,TargetCost_05,real
EMSQL,dbo,Points,TargetCost_06,real
EMSQL,dbo,Points,TargetCost_07,real
EMSQL,dbo,Points,TargetCost_08,real
EMSQL,dbo,Points,TargetCost_09,real
EMSQL,dbo,Points,TargetCost_10,real
EMSQL,dbo,Points,TargetCost_11,real
EMSQL,dbo,Points,TargetCost_12,real
EMSQL,dbo,Points,Tariff,nvarchar
EMSQL,dbo,Points,TariffCCLRate,real
EMSQL,dbo,Points,TimeSeriesEnabled,bit
EMSQL,dbo,Points,Type,nvarchar
EMSQL,dbo,Points,Units,nvarchar
EMSQL,dbo,Points,Updates,ntext
EMSQL,dbo,Points,User_Date_1,datetime
EMSQL,dbo,Points,User_Date_2,datetime
EMSQL,dbo,Points,User_Date_3,datetime
EMSQL,dbo,Points,User_Date_4,datetime
EMSQL,dbo,Points,User_Number_1,real
EMSQL,dbo,Points,User_Number_2,real
EMSQL,dbo,Points,User_Number_3,real
EMSQL,dbo,Points,User_Text_1,varchar
EMSQL,dbo,Points,User_Text_10,varchar
EMSQL,dbo,Points,User_Text_2,varchar
EMSQL,dbo,Points,User_Text_3,varchar
EMSQL,dbo,Points,User_Text_4,varchar
EMSQL,dbo,Points,User_Text_5,varchar
EMSQL,dbo,Points,User_Text_6,varchar
EMSQL,dbo,Points,User_Text_7,varchar
EMSQL,dbo,Points,User_Text_8,varchar
EMSQL,dbo,Points,User_Text_9,varchar
EMSQL,dbo,Points,VAT_Rate,real
EMSQL,dbo,Points,Virt_Direct,bit
EMSQL,dbo,Points,Virt_Invoice,bit
EMSQL,dbo,Points,Virt_Profile,bit
EMSQL,dbo,Points,Voltage,nvarchar
EMSQL,dbo,Points,Waste_Bins,int
EMSQL,dbo,Points,Waste_Disposal_Route,nvarchar
EMSQL,dbo,Points,Waste_Hazardous,bit
EMSQL,dbo,Points,Waste_Type,nvarchar
EMSQL,dbo,Points,Water_Supplier,varchar
EMSQL,dbo,Points,Water_Wholesale_Tariff,varchar
EMSQL,dbo,Points,Web_Consumptions,bit
EMSQL,dbo,Points,Web_Upload,bit
EMSQL,dbo,PointTypes,Checksum,int
EMSQL,dbo,PointTypes,CO2_Factor,real
EMSQL,dbo,PointTypes,Energy,bit
EMSQL,dbo,PointTypes,Id,int
EMSQL,dbo,PointTypes,kWh_Factor,real
EMSQL,dbo,PointTypes,Type,nvarchar
EMSQL,dbo,PointTypes,Units,nvarchar
EMSQL,dbo,ProfileReports,Checksum,int
EMSQL,dbo,ProfileReports,Description,ntext
EMSQL,dbo,ProfileReports,Id,int
EMSQL,dbo,ProfileReports,Name,nvarchar
EMSQL,dbo,ProfileReports,Report,ntext
EMSQL,dbo,ProfileReports,Web_Upload,bit
EMSQL,dbo,ScheduledReports,FavouriteReport_Id,int
EMSQL,dbo,ScheduledReports,From_Date,datetime
EMSQL,dbo,ScheduledReports,Id,int
EMSQL,dbo,ScheduledReports,LastRun_Date,datetime
EMSQL,dbo,ScheduledReports,NextRun_Date,datetime
EMSQL,dbo,ScheduledReports,NodeType,int
EMSQL,dbo,ScheduledReports,Option1,varchar
EMSQL,dbo,ScheduledReports,Option2,varchar
EMSQL,dbo,ScheduledReports,Option3,varchar
EMSQL,dbo,ScheduledReports,OutputFolder,varchar
EMSQL,dbo,ScheduledReports,Report_Date,datetime
EMSQL,dbo,ScheduledReports,RunTime,varchar
EMSQL,dbo,ScheduledReports,ScheduledForEmail,bit
EMSQL,dbo,ScheduledReports,SchedulingInterval,int
EMSQL,dbo,ScheduledTaskLocks,Id,int
EMSQL,dbo,ScheduledTaskLocks,LockInstance,varchar
EMSQL,dbo,ScheduledTaskLocks,TaskType,varchar
EMSQL,dbo,ScheduledTaskLocks,Value,datetime
EMSQL,dbo,ScheduledTasks,Id,int
EMSQL,dbo,ScheduledTasks,LastRun,datetime
EMSQL,dbo,ScheduledTasks,TaskType,varchar
EMSQL,dbo,SiteHistory,Checksum,int
EMSQL,dbo,SiteHistory,Contacts_Id,int
EMSQL,dbo,SiteHistory,Date_Value,datetime
EMSQL,dbo,SiteHistory,Field_Id,int
EMSQL,dbo,SiteHistory,Floating_Point_Value,float
EMSQL,dbo,SiteHistory,Id,int
EMSQL,dbo,SiteHistory,Integer_Value,int
EMSQL,dbo,SiteHistory,String_Value,nvarchar
EMSQL,dbo,SiteHistory,Valid_To,datetime
EMSQL,dbo,SQL,Checksum,int
EMSQL,dbo,SQL,Configuration,ntext
EMSQL,dbo,SQL,Description,ntext
EMSQL,dbo,SQL,Id,int
EMSQL,dbo,SQL,Name,nvarchar
EMSQL,dbo,SQL,SQL,ntext
EMSQL,dbo,SQL,SQL1,ntext
EMSQL,dbo,SQL,SQL2,ntext
EMSQL,dbo,Suppliers,Address1,nvarchar
EMSQL,dbo,Suppliers,Address2,nvarchar
EMSQL,dbo,Suppliers,Checksum,int
EMSQL,dbo,Suppliers,Code,nvarchar
EMSQL,dbo,Suppliers,County,nvarchar
EMSQL,dbo,Suppliers,Email1,nvarchar
EMSQL,dbo,Suppliers,Email2,nvarchar
EMSQL,dbo,Suppliers,EmergencyTelephone,nvarchar
EMSQL,dbo,Suppliers,FAX,nvarchar
EMSQL,dbo,Suppliers,Id,int
EMSQL,dbo,Suppliers,Name,nvarchar
EMSQL,dbo,Suppliers,Notes,ntext
EMSQL,dbo,Suppliers,PostCode,nvarchar
EMSQL,dbo,Suppliers,Telephone,nvarchar
EMSQL,dbo,Suppliers,Town,nvarchar
EMSQL,dbo,Suppliers,Utility,nvarchar
EMSQL,dbo,Target,Checksum,int
EMSQL,dbo,Target,DataSetId,int
EMSQL,dbo,Target,Id,int
EMSQL,dbo,Target,TargetType,int
EMSQL,dbo,Target,Value_01,real
EMSQL,dbo,Target,Value_02,real
EMSQL,dbo,Target,Value_03,real
EMSQL,dbo,Target,Value_04,real
EMSQL,dbo,Target,Value_05,real
EMSQL,dbo,Target,Value_06,real
EMSQL,dbo,Target,Value_07,real
EMSQL,dbo,Target,Value_08,real
EMSQL,dbo,Target,Value_09,real
EMSQL,dbo,Target,Value_10,real
EMSQL,dbo,Target,Value_11,real
EMSQL,dbo,Target,Value_12,real
EMSQL,dbo,TargetTimeSeries,Checksum,int
EMSQL,dbo,TargetTimeSeries,Cost,real
EMSQL,dbo,TargetTimeSeries,DataSetID,int
EMSQL,dbo,TargetTimeSeries,EndDate,datetime
EMSQL,dbo,TargetTimeSeries,Id,int
EMSQL,dbo,TargetTimeSeries,TargetType,int
EMSQL,dbo,TargetTimeSeries,Usage,real
EMSQL,dbo,tblCommunication,ActualSavings,float
EMSQL,dbo,tblCommunication,Assigned_To,nvarchar
EMSQL,dbo,tblCommunication,Category,nvarchar
EMSQL,dbo,tblCommunication,Checksum,int
EMSQL,dbo,tblCommunication,Closed_By,nvarchar
EMSQL,dbo,tblCommunication,Closed_On,datetime
EMSQL,dbo,tblCommunication,Communication_ID,int
EMSQL,dbo,tblCommunication,Contact,nvarchar
EMSQL,dbo,tblCommunication,Created_By,nvarchar
EMSQL,dbo,tblCommunication,Created_On,datetime
EMSQL,dbo,tblCommunication,Description,ntext
EMSQL,dbo,tblCommunication,Email,nvarchar
EMSQL,dbo,tblCommunication,EstimatedSavings,float
EMSQL,dbo,tblCommunication,FAX,nvarchar
EMSQL,dbo,tblCommunication,Link_1,varchar
EMSQL,dbo,tblCommunication,Next_Action_On,datetime
EMSQL,dbo,tblCommunication,Parameter,float
EMSQL,dbo,tblCommunication,Priority,int
EMSQL,dbo,tblCommunication,Raised_By,nvarchar
EMSQL,dbo,tblCommunication,Raised_By_Name,nvarchar
EMSQL,dbo,tblCommunication,Source_Id,int
EMSQL,dbo,tblCommunication,Source_Table,nvarchar
EMSQL,dbo,tblCommunication,SubCategory,nvarchar
EMSQL,dbo,tblCommunication,Supplier,nvarchar
EMSQL,dbo,tblCommunication,Telephone,nvarchar
EMSQL,dbo,tblCommunication,ValidationId,int
EMSQL,dbo,tblCommunication_Custom,Communication_ID,int
EMSQL,dbo,tblCommunication_Custom,COT Advised Date,datetime
EMSQL,dbo,tblCommunicationAction,Action_By,nvarchar
EMSQL,dbo,tblCommunicationAction,Action_On,datetime
EMSQL,dbo,tblCommunicationAction,Checksum,int
EMSQL,dbo,tblCommunicationAction,Communication_Id,int
EMSQL,dbo,tblCommunicationAction,CommunicationAction_ID,int
EMSQL,dbo,tblCommunicationAction,Contact,nvarchar
EMSQL,dbo,tblCommunicationAction,Description,ntext
EMSQL,dbo,tblCommunicationAction,Duration,int
EMSQL,dbo,tblCommunicationAction,Email,nvarchar
EMSQL,dbo,tblCommunicationAction,FAX,nvarchar
EMSQL,dbo,tblCommunicationAction,Link_1,varchar
EMSQL,dbo,tblCommunicationAction,Priority,int
EMSQL,dbo,tblCommunicationAction,Telephone,nvarchar
EMSQL,dbo,tblCommunicationAction_Custom,CommunicationAction_ID,int
EMSQL,dbo,tblCommunicationCategories,Checksum,int
EMSQL,dbo,tblCommunicationCategories,DefaultActionDue,int
EMSQL,dbo,tblCommunicationCategories,DefaultPriority,int
EMSQL,dbo,tblCommunicationCategories,Id,int
EMSQL,dbo,tblCommunicationCategories,Name,nvarchar
EMSQL,dbo,tblCommunicationCategories,ParentId,int
EMSQL,dbo,TransmissionDates,Date,date
EMSQL,dbo,TransmissionDates,DownloadHistoryId,int
EMSQL,dbo,TransmissionDates,Id,int
EMSQL,dbo,TransmissionDates,TransmissionType,int
EMSQL,dbo,TransmissionDates,ZoneId,int
EMSQL,dbo,TransmissionDetails,LastUpdatedDate,date
EMSQL,dbo,TransmissionDetails,OffTakingFactor,float
EMSQL,dbo,TransmissionDetails,TransmissionDateId,int
EMSQL,dbo,TransmissionDetails,TransmissionPeriodIndex,int
EMSQL,dbo,TransmissionDownloadHistory,Changed,bit
EMSQL,dbo,TransmissionDownloadHistory,DownloadDate,datetime
EMSQL,dbo,TransmissionDownloadHistory,ErrorMessage,ntext
EMSQL,dbo,TransmissionDownloadHistory,FileName,varchar
EMSQL,dbo,TransmissionDownloadHistory,FileVersion,int
EMSQL,dbo,TransmissionDownloadHistory,Id,int
EMSQL,dbo,TransmissionDownloadHistory,Processed,bit
EMSQL,dbo,TransmissionTypes,Code,varchar
EMSQL,dbo,TransmissionTypes,Id,int
EMSQL,dbo,TransmissionTypes,Name,varchar
EMSQL,dbo,TransmissionTypes,SequenceNumber,int
EMSQL,dbo,UserPermissions,AccessPermission,int
EMSQL,dbo,UserPermissions,CheckCode,nvarchar
EMSQL,dbo,UserPermissions,ClientGroupId,int
EMSQL,dbo,UserPermissions,Id,int
EMSQL,dbo,UserPermissions,PermissionId,int
EMSQL,dbo,UserPermissions,UserId,int
EMSQL,dbo,UserRoleMemberships,CheckCode,varchar
EMSQL,dbo,UserRoleMemberships,ClientGroup_Id,int
EMSQL,dbo,UserRoleMemberships,Id,int
EMSQL,dbo,UserRoleMemberships,User_Id,int
EMSQL,dbo,UserRoleMemberships,UserRole_Id,int
EMSQL,dbo,UserRolePermissions,CheckCode,varchar
EMSQL,dbo,UserRolePermissions,ClientGroup_Id,int
EMSQL,dbo,UserRolePermissions,Id,int
EMSQL,dbo,UserRolePermissions,Permission_Id,int
EMSQL,dbo,UserRolePermissions,UserRole_Id,int
EMSQL,dbo,UserRoles,Globally_Applied,bit
EMSQL,dbo,UserRoles,Id,int
EMSQL,dbo,UserRoles,Name,varchar
EMSQL,dbo,Users,AD_GUID,nvarchar
EMSQL,dbo,Users,Id,int
EMSQL,dbo,Users,Password,nvarchar
EMSQL,dbo,Users,PasswordExpiry,nvarchar
EMSQL,dbo,Users,SingleSignOn,int
EMSQL,dbo,Users,Username,nvarchar
EMSQL,dbo,ValidationPass,DataRecordId,int
EMSQL,dbo,ValidationPass,Id,int
EMSQL,dbo,ValidationPass,Last_Update,datetime
EMSQL,dbo,ValidationPass,Last_User,varchar
EMSQL,dbo,ValidationPass,Parameter,float
EMSQL,dbo,ValidationPass,Type,varchar
EMSQL,dbo,ValidationPass,ValidationId,int
EMSQL,dbo,ValidationProfile,Id,int
EMSQL,dbo,ValidationProfile,Name,varchar
EMSQL,dbo,ValidationProfile,UserProfile,bit
EMSQL,dbo,ValidationTestSettings,Id,int
EMSQL,dbo,ValidationTestSettings,TestAction,int
EMSQL,dbo,ValidationTestSettings,TestId,int
EMSQL,dbo,ValidationTestSettings,Tolerance,real
EMSQL,dbo,ValidationTestSettings,ValidationProfileId,int
EMSQL,dbo,VirtDataSets,Checksum,int
EMSQL,dbo,VirtDataSets,Factor,real
EMSQL,dbo,VirtDataSets,Id,int
EMSQL,dbo,VirtDataSets,Point_Id,int
EMSQL,dbo,VirtDataSets,Virt_Id,int
EMSQL,dbo,VirtDataSets,Virt_Type,nvarchar
